work_period,mean_value,peak_value,period_start_time,period_end_time,interval_id,mean_value_z,peak_value_z
11,3.586540921052632,8.03973875,2022-10-17 12:35:51.838000+00:00,2022-10-17 12:36:25.716000+00:00,2,0.9793742651913406,0.7415606012570698
12,3.7645833088235294,7.63445375,2022-10-17 12:36:48.315000+00:00,2022-10-17 12:37:23.086000+00:00,2,1.5651875429739117,0.4091886214142814
13,2.90820578125,6.26183375,2022-10-17 12:38:03.164000+00:00,2022-10-17 12:38:32.099000+00:00,2,-1.2525534047195916,-0.7164894248292456
14,3.188224078947368,6.18547375,2022-10-17 12:44:50.740000+00:00,2022-10-17 12:45:25.360000+00:00,2,-0.3312085560744854,-0.779111837158336
15,3.479666875,6.995066250000002,2022-10-17 12:45:46.216000+00:00,2022-10-17 12:46:19.107000+00:00,2,0.6277263457726174,-0.11516951979925993
16,3.4793269852941178,7.026185000000001,2022-10-17 12:46:37.915000+00:00,2022-10-17 12:47:08.489000+00:00,2,0.6266080058919841,-0.08964920558153043
17,3.557462734375,7.896621250000001,2022-10-17 12:59:11.204000+00:00,2022-10-17 12:59:44.209000+00:00,2,0.8836982407183566,0.6241907335709973
18,3.405709513888889,7.643535000000002,2022-10-17 13:00:01.299000+00:00,2022-10-17 13:00:37.431000+00:00,2,0.384384270488841,0.41663610415346014
19,3.850999144736842,7.66581,2022-10-17 13:00:50.747000+00:00,2022-10-17 13:01:25.245000+00:00,2,1.8495217665400436,0.43490370806428186
20,3.677701607142857,8.3599175,2022-10-17 13:01:58.948000+00:00,2022-10-17 13:08:11.543000+00:00,2,1.2793204802024614,1.0041374176728985
31,3.8762665277777777,8.816535,2022-10-17 13:20:15.677000+00:00,2022-10-17 13:20:48.502000+00:00,4,1.9326590950465863,1.3786068959557476
32,3.698615069444445,10.29944125,2022-10-17 13:21:07.025000+00:00,2022-10-17 13:21:39.473000+00:00,4,1.3481320932911394,2.5947300839191425
33,3.0503780263157894,5.966011249999999,2022-10-17 13:22:15.112000+00:00,2022-10-17 13:22:49.949000+00:00,4,-0.7847637399411752,-0.959091815756725
34,2.845050147058824,5.3445275,2022-10-17 13:24:08.166000+00:00,2022-10-17 13:24:42.112000+00:00,4,-1.4603545330867174,-1.4687671909312818
35,3.4592165625,8.935685000000003,2022-10-17 13:25:06.678000+00:00,2022-10-17 13:25:39.128000+00:00,4,0.5604386355408347,1.4763211498715578
36,3.550911015625,8.354528750000002,2022-10-17 13:25:58.066000+00:00,2022-10-17 13:26:30.417000+00:00,4,0.8621411054535466,0.999718133696494
37,3.7777828947368417,10.432156249999998,2022-10-17 13:26:45.544000+00:00,2022-10-17 13:27:19.879000+00:00,4,1.608618170848888,2.7035689190717767
38,3.429946710526316,7.341172500000001,2022-10-17 13:44:06.902000+00:00,2022-10-17 13:44:41.024000+00:00,4,0.46413197430363284,0.16867029551209567
39,3.215913046875,6.670255,2022-10-17 13:45:45.322000+00:00,2022-10-17 13:46:18.421000+00:00,4,-0.24010348124828826,-0.38154542376242506
40,3.203951323529412,6.3739975,2022-10-17 13:46:35.314000+00:00,2022-10-17 13:47:09.395000+00:00,4,-0.27946116707097,-0.624504555776378
51,2.853607426470588,6.219627499999999,2022-10-17 13:56:36.935000+00:00,2022-10-17 13:57:07.611000+00:00,6,-1.43219849696594,-0.7511025362798054
52,3.411555625,9.406652500000002,2022-10-17 13:57:26.569000+00:00,2022-10-17 13:57:58.862000+00:00,6,0.4036197433172999,1.862558983535789
53,3.462931544117647,6.851605,2022-10-17 13:58:17.863000+00:00,2022-10-17 13:58:52.034000+00:00,6,0.5726620480977158,-0.23282129495309412
54,3.513401315789474,7.01947375,2022-10-17 13:59:09.069000+00:00,2022-10-17 13:59:43.363000+00:00,6,0.7387228538540159,-0.09515306447026316
55,3.2317275,7.26130125,2022-10-17 14:00:13.300000+00:00,2022-10-17 14:00:48.214000+00:00,6,-0.18806914977540196,0.10316832653959825
56,3.230078486842105,6.75721125,2022-10-17 14:01:04.742000+00:00,2022-10-17 14:01:39.190000+00:00,6,-0.19349490155972415,-0.3102330855998864
57,3.82708984375,8.145526249999998,2022-10-17 14:02:00.436000+00:00,2022-10-17 14:02:29.143000+00:00,6,1.7708529385381686,0.8283163430625112
58,3.621634078947368,8.02466375,2022-10-17 14:04:24.565000+00:00,2022-10-17 14:04:59.268000+00:00,6,1.094841363287725,0.72919767739823
59,3.1620347222222223,8.358363750000002,2022-10-17 14:05:27.120000+00:00,2022-10-17 14:05:59.587000+00:00,6,-0.4173794567137011,1.0028631959186272
60,3.6885571052631576,8.851443750000001,2022-10-17 14:06:20.038000+00:00,2022-10-17 14:06:54.378000+00:00,6,1.3150383506232892,1.4072353681452867
61,3.113176640625,6.6288775,2022-10-17 14:07:11.332000+00:00,2022-10-17 14:07:44.106000+00:00,7,-0.5781373149124305,-0.41547888193616717
62,3.5161475,8.876348750000002,2022-10-17 14:08:03.147000+00:00,2022-10-17 14:08:35.190000+00:00,7,0.7477586300750872,1.4276598204639879
63,3.2077225,6.045518749999999,2022-10-17 14:08:53.941000+00:00,2022-10-17 14:09:32.096000+00:00,7,-0.26705285646027227,-0.8938881561410212
64,3.373655197368421,8.700448750000001,2022-10-17 14:09:45.436000+00:00,2022-10-17 14:10:19.627000+00:00,7,0.27891587915217525,1.2834052064162274
65,3.4470990131578945,6.62188875,2022-10-17 14:10:38.565000+00:00,2022-10-17 14:11:12.952000+00:00,7,0.5205682350835836,-0.42121031703523615
66,3.717745073529412,7.04999875,2022-10-17 14:11:29.923000+00:00,2022-10-17 14:12:04.582000+00:00,7,1.411075589709695,-0.07011968133320878
67,3.667241544117647,7.268146249999999,2022-10-17 14:12:23.412000+00:00,2022-10-17 14:12:57.799000+00:00,7,1.2449037107840712,0.10878187306124021
68,3.3289828472222225,7.13762375,2022-10-17 14:13:16.706000+00:00,2022-10-17 14:13:53.097000+00:00,7,0.13193034276928872,0.0017410949938804034
69,3.235498541666667,9.308638750000002,2022-10-17 14:14:08.065000+00:00,2022-10-17 14:14:40.758000+00:00,7,-0.17566128271035505,1.782178450973972
70,3.281656484375,7.276829999999999,2022-10-17 14:15:43.158000+00:00,2022-10-17 14:16:15.852000+00:00,7,-0.023787697705061964,0.11590336825588009
71,3.13814984375,7.838865,2022-10-17 14:16:34.799000+00:00,2022-10-17 14:17:07.364000+00:00,8,-0.4959679272595788,0.5768251533970574
72,3.673536041666667,10.42964625,2022-10-17 14:18:21.275000+00:00,2022-10-17 14:18:53.894000+00:00,8,1.2656145105399728,2.7015104819981
73,3.24659375,7.210633750000001,2022-10-17 14:19:14.588000+00:00,2022-10-17 14:19:44.909000+00:00,8,-0.13915469322451735,0.06161619090989573
74,3.3442153676470587,8.50348375,2022-10-17 14:20:13.162000+00:00,2022-10-17 14:20:47.778000+00:00,8,0.18204993974102673,1.1218753027441557
75,3.384148382352941,8.034742499999998,2022-10-17 14:21:04.714000+00:00,2022-10-17 14:21:39.293000+00:00,8,0.31344162982942664,0.7374632043529407
76,3.1812984558823527,6.602462499999998,2022-10-17 14:21:56.088000+00:00,2022-10-17 14:22:30.765000+00:00,8,-0.35399594956655606,-0.4371416768768826
77,3.1875949342105265,6.1013875,2022-10-17 14:22:47.666000+00:00,2022-10-17 14:23:22.319000+00:00,8,-0.33327863244845035,-0.8480705042445974
78,3.350626447368421,7.2680675,2022-10-17 14:23:48.285000+00:00,2022-10-17 14:24:22.721000+00:00,8,0.20314433008659669,0.10871729062317227
79,3.6250521710526313,10.15581,2022-10-17 14:24:37.568000+00:00,2022-10-17 14:25:11.953000+00:00,8,1.106087919599493,2.4769388927085276
80,2.53523796875,4.5776275,2022-10-17 14:25:34.632000+00:00,2022-10-17 14:26:07.097000+00:00,8,-2.47973025560057,-2.0976976259126756
81,3.09957703125,6.01165625,2022-10-17 14:26:26.237000+00:00,2022-10-17 14:26:58.534000+00:00,9,-0.622884140903008,-0.9216586045105052
82,3.4393275,9.2534325,2022-10-17 14:27:17.364000+00:00,2022-10-17 14:27:53.862000+00:00,9,0.4949976074743046,1.7369041116517756
83,3.5806418421052637,6.79972,2022-10-17 14:28:18.768000+00:00,2022-10-17 14:28:56.376000+00:00,9,0.9599645121694779,-0.27537189557769953
84,3.0173028472222225,6.01340125,2022-10-17 14:29:11.386000+00:00,2022-10-17 14:29:44.049000+00:00,9,-0.8935910777489592,-0.9202275396923504
85,3.1808940625,5.64198875,2022-10-17 14:30:49.643000+00:00,2022-10-17 14:31:23.103000+00:00,9,-0.3553265260421668,-1.2248208702211378
86,2.775521875,7.486138749999999,2022-10-17 14:31:43.861000+00:00,2022-10-17 14:32:16.159000+00:00,9,-1.6891235664797626,0.2875563128156824
87,2.9056671323529413,6.12779375,2022-10-17 14:33:03.402000+00:00,2022-10-17 14:33:37.954000+00:00,9,-1.26090632702166,-0.8264148851303356
88,3.0558714705882357,5.9157875,2022-10-17 14:33:55.018000+00:00,2022-10-17 14:34:29.482000+00:00,9,-0.766688647622717,-1.0002800344735017
89,3.264369407894737,6.4235275000000005,2022-10-17 14:34:48.245000+00:00,2022-10-17 14:35:26.261000+00:00,9,-0.08066740518917058,-0.583885277585442
90,3.753998819444445,8.53559875,2022-10-17 14:35:50.742000+00:00,2022-10-17 14:36:23.096000+00:00,9,1.5303613732373258,1.1482126360593574
91,3.641701944444444,7.885445000000001,2022-10-17 14:36:42.017000+00:00,2022-10-17 14:37:14.206000+00:00,10,1.1608707072665827,0.6150251529555835
92,2.9192900694444446,5.666919999999999,2022-10-17 14:37:33.396000+00:00,2022-10-17 14:38:05.866000+00:00,10,-1.2160827457918435,-1.2043748904230815
93,3.03747203125,6.046045,2022-10-17 14:38:24.809000+00:00,2022-10-17 14:38:56.861000+00:00,10,-0.8272283651756134,-0.8934565814358321
94,3.108576644736842,6.97901375,2022-10-17 14:40:06.683000+00:00,2022-10-17 14:40:41.345000+00:00,10,-0.5932726919581243,-0.1283340859846033
95,3.5875625,9.6613875,2022-10-17 14:40:58.259000+00:00,2022-10-17 14:41:30.773000+00:00,10,0.9827355687503654,2.0714657436805073
96,3.32784625,7.395312499999999,2022-10-17 14:41:51.620000+00:00,2022-10-17 14:42:22.487000+00:00,10,0.12819059431609697,0.21307020912520266
97,3.3384580882352943,6.644815,2022-10-17 14:43:35.503000+00:00,2022-10-17 14:44:10.127000+00:00,10,0.1631067500571423,-0.402408626612766
98,3.5013548529411764,5.97733625,2022-10-17 14:44:34.487000+00:00,2022-10-17 14:45:09.003000+00:00,10,0.6990863494507609,-0.949804246091626
99,3.609656458333333,9.378765000000003,2022-10-17 14:45:26.081000+00:00,2022-10-17 14:45:59.036000+00:00,10,1.0554313706461247,1.8396885995150005
100,3.5962598529411767,8.23465625,2022-10-17 14:46:17.609000+00:00,2022-10-17 14:46:50.223000+00:00,10,1.0113524891269818,0.9014113615393574
101,3.14749015625,5.430022500000001,2022-10-17 14:47:08.972000+00:00,2022-10-17 14:47:42.113000+00:00,11,-0.4652354755684714,-1.3986532157862372
102,3.3555715441176472,6.666395,2022-10-17 14:47:59.049000+00:00,2022-10-17 14:48:33.510000+00:00,11,0.21941519328881237,-0.3847109883458498
103,3.119477039473684,6.861871250000001,2022-10-17 14:48:50.510000+00:00,2022-10-17 14:49:28.636000+00:00,11,-0.5574070980966764,-0.22440200028869425
104,3.429509736842105,7.809245,2022-10-17 14:49:41.736000+00:00,2022-10-17 14:50:16.155000+00:00,11,0.46269419878591816,0.5525339557387589
105,3.2118160526315798,5.097,2022-10-17 14:50:33.104000+00:00,2022-10-17 14:51:07.418000+00:00,11,-0.2535838308259554,-1.67176312031563
106,3.242101796875,7.771327499999999,2022-10-17 14:51:33.839000+00:00,2022-10-17 14:52:02.748000+00:00,11,-0.15393457691821422,0.5214380243677751
107,2.9405503125,6.810834999999999,2022-10-17 14:52:21.499000+00:00,2022-10-17 14:52:53.905000+00:00,11,-1.1461301191911746,-0.2662565457474508
108,3.090292352941176,5.58751625,2022-10-17 14:53:10.848000+00:00,2022-10-17 14:53:45.047000+00:00,11,-0.6534335392869915,-1.2694934652394245
109,3.801425347222223,9.91901125,2022-10-17 14:54:04.039000+00:00,2022-10-17 14:54:36.624000+00:00,11,1.686408986612952,2.2827415516724727
110,3.350354144736842,5.84768625,2022-10-17 14:54:55.317000+00:00,2022-10-17 14:55:30.041000+00:00,11,0.20224837211191773,-1.0561294917499096
111,3.1407653289473685,6.9566187500000005,2022-10-17 14:55:59.959000+00:00,2022-10-17 14:56:33.987000+00:00,12,-0.48736219030196254,-0.14670010122962612
112,3.190981644736842,6.819993750000001,2022-10-17 14:58:06.612000+00:00,2022-10-17 14:58:41.206000+00:00,12,-0.3221353310180374,-0.2587455056882683
113,3.183525735294117,6.899227499999999,2022-10-17 14:58:58.060000+00:00,2022-10-17 14:59:32.636000+00:00,12,-0.3466675269977558,-0.19376634692870898
114,3.0933385294117643,6.50142625,2022-10-17 14:59:51.429000+00:00,2022-10-17 15:00:25.691000+00:00,12,-0.6434106978429883,-0.5200009449188538
115,3.41489796875,7.573992499999999,2022-10-17 15:00:54.083000+00:00,2022-10-17 15:01:26.487000+00:00,12,0.4146170646416077,0.3596046857485896
116,3.9493707638888886,7.73877875,2022-10-17 15:01:45.503000+00:00,2022-10-17 15:02:21.665000+00:00,12,2.1731941311816216,0.4947449750841655
117,3.4066048684210526,6.3801375,2022-10-17 15:02:36.680000+00:00,2022-10-17 15:03:11.182000+00:00,12,0.38733025756434075,-0.6194691758431586
118,3.080580657894737,6.280141249999999,2022-10-17 15:06:38.755000+00:00,2022-10-17 15:07:13.284000+00:00,12,-0.6853879518244161,-0.7014755456554014
119,3.5744617647058825,8.985735,2022-10-17 15:07:28.356000+00:00,2022-10-17 15:08:02.738000+00:00,12,0.9396301892949716,1.5173668771773565
120,2.641395,6.469936249999999,2022-10-17 15:08:21.705000+00:00,2022-10-17 15:08:54.306000+00:00,12,-2.130441531635285,-0.5458257192017649
121,3.923203486842105,7.5608175,2022-10-17 15:09:10.982000+00:00,2022-10-17 15:09:45.322000+00:00,13,2.0870958793588796,0.34879994134791215
122,3.716567361111111,8.587105000000001,2022-10-17 15:10:04.547000+00:00,2022-10-17 15:10:37.025000+00:00,13,1.4072005598323272,1.1904526259103954
123,3.372976319444444,6.688267499999999,2022-10-17 15:10:57.800000+00:00,2022-10-17 15:11:30.362000+00:00,13,0.27668216555824826,-0.3667734724518214
124,2.6371079411764704,4.740595,2022-10-17 15:11:47.195000+00:00,2022-10-17 15:12:21.377000+00:00,13,-2.1445472511378245,-1.9640488833610652
125,3.3964346093750004,6.813750000000001,2022-10-17 15:12:40.294000+00:00,2022-10-17 15:13:12.720000+00:00,13,0.35386703084480153,-0.26386597042084786
126,3.458640328947369,6.2754225,2022-10-17 15:15:12.710000+00:00,2022-10-17 15:15:47.190000+00:00,13,0.5585426529579145,-0.7053453663491914
127,3.085795902777777,6.440237499999999,2022-10-17 15:16:09.835000+00:00,2022-10-17 15:16:42.150000+00:00,13,-0.6682282195964709,-0.5701814992981314
128,2.8044639583333333,5.2709875,2022-10-17 15:17:16.145000+00:00,2022-10-17 15:17:48.768000+00:00,13,-1.59389536315341,-1.5290769369066781
129,3.3773651470588235,5.8453425,2022-10-17 15:18:54.554000+00:00,2022-10-17 15:19:29.319000+00:00,13,0.29112273514727544,-1.0580515881209975
130,3.298232236842105,6.105913749999998,2022-10-17 15:19:54.008000+00:00,2022-10-17 15:20:31.831000+00:00,13,0.030751538743296777,-0.8443585517327534
131,3.1920536842105265,8.080511249999999,2022-10-17 15:20:44.942000+00:00,2022-10-17 15:21:19.325000+00:00,14,-0.3186079970732717,0.774997902287554
132,3.4720300694444446,7.27884,2022-10-17 15:21:36.508000+00:00,2022-10-17 15:22:09.221000+00:00,14,0.6025989468969924,0.11755175810372641
133,3.3127861029411765,7.0943675,2022-10-17 15:22:28.115000+00:00,2022-10-17 15:23:02.206000+00:00,14,0.07863815782681854,-0.03373311563092641
134,2.844650073529412,5.431055000000001,2022-10-17 15:23:19.316000+00:00,2022-10-17 15:23:53.362000+00:00,14,-1.4616708959402664,-1.3978064682648936
135,3.04389140625,5.828754999999999,2022-10-17 15:24:17.879000+00:00,2022-10-17 15:24:50.362000+00:00,14,-0.8061066808556716,-1.0716549048379806
136,3.125199852941176,6.018260000000001,2022-10-17 15:25:18.619000+00:00,2022-10-17 15:25:53.262000+00:00,14,-0.5385773117884648,-0.916242905775326
137,2.93284125,5.963355000000001,2022-10-17 15:26:08.399000+00:00,2022-10-17 15:26:42.784000+00:00,14,-1.1714952652572166,-0.9612701916439572
138,3.629223618421052,7.5918175,2022-10-17 15:27:01.406000+00:00,2022-10-17 15:27:35.823000+00:00,14,1.1198132424655083,0.37422286934950766
139,2.927137430555556,7.90193,2022-10-17 15:28:05.924000+00:00,2022-10-17 15:28:38.536000+00:00,14,-1.1902625554877277,0.6285444099912699
140,3.481435588235294,8.90841625,2022-10-17 15:29:59.493000+00:00,2022-10-17 15:30:33.878000+00:00,14,0.6335459469967841,1.453958199292733
141,3.41024,7.057411249999999,2022-10-17 15:31:17.557000+00:00,2022-10-17 15:31:50.098000+00:00,15,0.39929093935532134,-0.06404073121024817
142,3.0247127857142857,7.204576250000001,2022-10-17 15:32:44.738000+00:00,2022-10-17 15:34:29.137000+00:00,15,-0.8692101400938852,0.05664846876893831
143,1.4449225,3.41853875,2022-10-17 16:55:29.244000+00:00,2022-10-17 16:55:36.845000+00:00,15,-6.067197748944768,-3.0482598787742488
144,1.456197,3.8623,2022-10-17 17:04:19.539000+00:00,2022-10-17 17:04:27.196000+00:00,15,-6.030101235675925,-2.68433373978561
145,3.580991397058824,7.782423749999999,2022-10-17 17:26:14.356000+00:00,2022-10-17 17:26:48.996000+00:00,15,0.9611146536367662,0.5305379974270553
146,2.751401985294118,5.202597500000001,2022-10-17 17:28:44.174000+00:00,2022-10-17 17:29:18.737000+00:00,15,-1.768485295028016,-1.5851631964560027
147,3.4733384375,6.989175,2022-10-17 17:29:37.425000+00:00,2022-10-17 17:30:10.582000+00:00,15,0.606903873317981,-0.12000090123762858
148,3.187019453125,5.667893749999999,2022-10-17 17:30:31.523000+00:00,2022-10-17 17:31:03.861000+00:00,15,-0.33517213918712635,-1.2035763234507735
149,3.5747488815789468,6.95305625,2022-10-17 17:31:22.877000+00:00,2022-10-17 17:31:57.331000+00:00,15,0.9405748906024652,-0.1496216877136805
150,3.200352847222222,8.594727500000001,2022-10-17 17:33:09.117000+00:00,2022-10-17 17:33:41.659000+00:00,15,-0.29130124193702206,1.196703795868207
151,3.478840197368421,7.68283875,2022-10-17 17:36:52.252000+00:00,2022-10-17 17:37:30.331000+00:00,16,0.6250063264609921,0.44886889145806175
152,3.407330625,6.920385,2022-10-17 17:39:01.251000+00:00,2022-10-17 17:39:37.489000+00:00,16,0.389718216104487,-0.17641519856762022
153,3.2076286184210527,8.525586250000002,2022-10-17 17:39:50.736000+00:00,2022-10-17 17:40:25.109000+00:00,16,-0.26736175523530603,1.1400014403620693
154,3.335948680555555,6.31187375,2022-10-17 17:50:53.579000+00:00,2022-10-17 17:51:29.923000+00:00,16,0.15485004019964257,-0.6754518984679612
155,3.5683897794117647,7.310072500000001,2022-10-17 17:52:34.879000+00:00,2022-10-17 17:53:05.552000+00:00,16,0.9196515221229054,0.14316535806533467
156,3.899154485294117,7.29797625,2022-10-17 17:53:24.353000+00:00,2022-10-17 17:53:58.456000+00:00,16,2.00796739427951,0.1332452905543883
157,2.976007734375,8.921353750000002,2022-10-17 17:54:19.244000+00:00,2022-10-17 17:54:51.931000+00:00,16,-1.0294644824831256,1.4645681712611418
158,3.217165208333333,6.611496249999999,2022-10-17 17:55:10.752000+00:00,2022-10-17 17:55:46.924000+00:00,16,-0.23598349152335302,-0.4297331486241587
159,3.472218402777778,7.1538775,2022-10-17 17:56:00.058000+00:00,2022-10-17 17:56:32.799000+00:00,16,0.6032186204966173,0.015070705187619701
160,2.9385883333333336,8.2689425,2022-10-17 17:56:53.379000+00:00,2022-10-17 17:57:25.819000+00:00,16,-1.1525856237536332,0.9295293249327337
161,3.583613046875,7.72061875,2022-10-17 17:57:44.683000+00:00,2022-10-17 17:58:17.306000+00:00,17,0.9697406740538163,0.47985205984194085
162,3.0681625,8.394987500000001,2022-10-17 17:58:36.382000+00:00,2022-10-17 17:59:09.118000+00:00,17,-0.7262474452934556,1.0328981300927684
163,3.636139013157895,5.94757625,2022-10-17 17:59:25.968000+00:00,2022-10-17 18:00:00.759000+00:00,17,1.1425669816658794,-0.9742102569731568
164,3.2853698026315787,6.8691087500000005,2022-10-17 18:00:15.540000+00:00,2022-10-17 18:00:50.013000+00:00,17,-0.011569758108928248,-0.21846656669477385
165,3.6104071875,8.18283875,2022-10-17 18:01:59.380000+00:00,2022-10-17 18:02:32.165000+00:00,17,1.0579014965490536,0.8589161172902394
166,3.638091513157895,8.501224999999998,2022-10-17 18:03:40.215000+00:00,2022-10-17 18:04:14.650000+00:00,17,1.1489912969044642,1.120022914401458
167,3.181426644736842,7.131200000000001,2022-10-17 18:04:35.268000+00:00,2022-10-17 18:05:09.643000+00:00,17,-0.3535741694839385,-0.0035269867399982764
168,2.952198263888889,6.3257725,2022-10-17 18:05:28.706000+00:00,2022-10-17 18:06:01.006000+00:00,17,-1.1078048379589462,-0.6640536107078912
169,3.730315416666667,7.896461250000001,2022-10-17 18:06:35.036000+00:00,2022-10-17 18:07:08.206000+00:00,17,1.4524358186320492,0.6240595184587309
170,3.2786017647058823,6.956247500000001,2022-10-17 18:07:30.820000+00:00,2022-10-17 18:08:05.003000+00:00,17,-0.03383864885482667,-0.14700456129480627
171,3.0681153676470587,6.415873749999999,2022-10-17 18:08:21.896000+00:00,2022-10-17 18:08:56.518000+00:00,18,-0.7264025249826909,-0.5901620754948689
172,3.172585294117648,5.084029999999999,2022-10-17 18:09:17.112000+00:00,2022-10-17 18:09:51.425000+00:00,18,-0.3826648857515711,-1.6823997453537176
173,3.3415059375,8.46569375,2022-10-17 18:10:32.753000+00:00,2022-10-17 18:11:05.627000+00:00,18,0.17313509549947573,1.0908839334157603
174,3.0177998529411765,6.03988625,2022-10-17 18:11:24.578000+00:00,2022-10-17 18:11:58.637000+00:00,18,-0.8919557786893232,-0.8985073381400199
175,2.911887569444444,5.802747500000001,2022-10-17 18:12:15.742000+00:00,2022-10-17 18:12:47.972000+00:00,18,-1.2404392085593832,-1.0929835112896402
176,3.223658355263158,6.310289999999999,2022-10-17 18:13:04.952000+00:00,2022-10-17 18:13:39.185000+00:00,18,-0.21461907525311466,-0.6767507230557853
177,2.8716506578947367,5.114906250000001,2022-10-17 18:14:07.422000+00:00,2022-10-17 18:14:41.558000+00:00,18,-1.3728308111316467,-1.657078304040515
178,3.89706984375,8.066507500000002,2022-10-17 18:15:02.269000+00:00,2022-10-17 18:15:35.033000+00:00,18,2.001108293414539,0.7635135046100618
179,2.866122265625,6.5264025000000006,2022-10-17 18:15:54.096000+00:00,2022-10-17 18:16:26.409000+00:00,18,-1.3910208929259307,-0.4995180608704713
180,3.4077626388888884,7.702376249999999,2022-10-17 18:16:43.410000+00:00,2022-10-17 18:17:19.753000+00:00,18,0.3911396723962487,0.4648914868074528
191,3.313827236842105,8.143373749999999,2022-10-17 18:27:22.355000+00:00,2022-10-17 18:27:56.846000+00:00,20,0.08206380309449633,0.8265510897553042
192,3.1957232236842104,6.288867499999999,2022-10-17 18:28:11.721000+00:00,2022-10-17 18:28:46.206000+00:00,20,-0.30653410290713956,-0.6943191964465649
193,3.07009609375,5.95904875,2022-10-17 18:29:05.151000+00:00,2022-10-17 18:29:37.159000+00:00,20,-0.7198853373327099,-0.9648017233764375
194,3.6002440625,6.4145625,2022-10-17 18:29:57.936000+00:00,2022-10-17 18:30:30.852000+00:00,20,1.02446174299764,-0.5912374243446135
195,3.92515890625,10.227933750000002,2022-10-17 18:31:02.786000+00:00,2022-10-17 18:31:35.424000+00:00,20,2.093529800331973,2.5360871799167555
196,3.1609095588235294,5.8386975,2022-10-17 18:31:58.237000+00:00,2022-10-17 18:32:32.337000+00:00,20,-0.4210815844310478,-1.0635011157523069
197,3.286645763888889,5.977486249999999,2022-10-17 18:32:51.306000+00:00,2022-10-17 18:33:23.627000+00:00,20,-0.007371459850704617,-0.9496812319238765
198,3.0193372916666665,6.519428749999999,2022-10-17 18:33:46.300000+00:00,2022-10-17 18:34:19.079000+00:00,20,-0.8868971405164396,-0.5052371945527665
199,3.1553934868421054,7.877422500000001,2022-10-17 18:34:37.883000+00:00,2022-10-17 18:35:12.397000+00:00,20,-0.4392311287523737,0.6084459452171062
200,3.3325996875,7.29051625,2022-10-17 18:35:31.333000+00:00,2022-10-17 18:36:03.880000+00:00,20,0.14383084064998092,0.1271273859449722
201,3.506896796875,8.929815000000001,2022-10-17 18:36:24.522000+00:00,2022-10-17 18:36:56.899000+00:00,21,0.7173210203165438,1.4715071954402867
202,3.5174669852941176,7.33067375,2022-10-17 18:37:23.190000+00:00,2022-10-17 18:37:57.816000+00:00,21,0.7521001355716741,0.1600603288876838
203,3.786487236842105,7.57089875,2022-10-17 18:38:18.566000+00:00,2022-10-17 18:38:56.589000+00:00,21,1.6372580876881675,0.3570675185387533
204,3.567693541666667,7.235785,2022-10-17 18:39:13.568000+00:00,2022-10-17 18:39:46.305000+00:00,21,0.9173606894696354,0.08224259148731772
205,3.1755967361111117,6.3097675,2022-10-17 18:40:07.252000+00:00,2022-10-17 18:40:40.127000+00:00,21,-0.3727563312375008,-0.6771792224067791
206,3.29793390625,8.23732,2022-10-17 18:46:15.067000+00:00,2022-10-17 18:46:48.565000+00:00,21,0.029769940910263762,0.9035958881349783
207,3.3966528125,6.899621250000001,2022-10-17 18:47:05.536000+00:00,2022-10-17 18:47:38.107000+00:00,21,0.35458498508861336,-0.19344343473836487
208,3.3938338888888886,8.952973749999998,2022-10-17 18:47:56.963000+00:00,2022-10-17 18:48:29.743000+00:00,21,0.3453098742505757,1.490499557822766
209,3.18245890625,6.2280075,2022-10-17 18:53:34.412000+00:00,2022-10-17 18:54:07.393000+00:00,21,-0.3501777170541378,-0.7442301447748567
210,3.217695833333333,7.332190000000001,2022-10-17 18:55:04.090000+00:00,2022-10-17 18:55:36.754000+00:00,21,-0.23423757486600377,0.16130379710002052
211,3.2471578676470587,5.4702,2022-10-17 18:55:53.500000+00:00,2022-10-17 18:56:27.853000+00:00,22,-0.1372985756335558,-1.3657038709544929
212,3.4942661764705885,7.193205000000001,2022-10-17 18:56:44.796000+00:00,2022-10-17 18:57:19.222000+00:00,22,0.6757624609634929,0.04732296973545015
213,2.948812361111111,5.791396250000001,2022-10-17 18:57:38.214000+00:00,2022-10-17 18:58:10.565000+00:00,22,-1.1189454816524897,-1.1022926084340952
214,2.8897441666666666,6.4164537500000005,2022-10-17 18:58:38.717000+00:00,2022-10-17 18:59:10.950000+00:00,22,-1.3132976976243673,-0.5896864207129027
215,3.0464760416666667,5.83016875,2022-10-17 18:59:29.956000+00:00,2022-10-17 19:00:02.800000+00:00,22,-0.7976024490024195,-1.0704954963069393
216,3.355187352941176,7.33328125,2022-10-17 19:00:19.794000+00:00,2022-10-17 19:00:53.928000+00:00,22,0.2181510881776562,0.1621987251703985
217,3.5918715625,8.3486375,2022-10-17 19:01:12.980000+00:00,2022-10-17 19:01:45.518000+00:00,22,0.9969136870001788,0.9948867522581253
218,2.851766458333333,7.2347325,2022-10-17 19:02:02.533000+00:00,2022-10-17 19:02:38.491000+00:00,22,-1.4382558386601343,0.08137944207694088
219,3.1798709868421056,6.8605875,2022-10-17 19:02:51.682000+00:00,2022-10-17 19:03:26.131000+00:00,22,-0.3586927542312765,-0.22545479654101894
220,2.904013828125,8.2118375,2022-10-17 19:04:33.752000+00:00,2022-10-17 19:05:06.434000+00:00,22,-1.2663461977236206,0.8826978312704408
221,3.22127109375,6.285088750000001,2022-10-17 19:05:25.516000+00:00,2022-10-17 19:05:57.785000+00:00,23,-0.22247388729791148,-0.6974181283557904
222,3.178715,6.523983749999999,2022-10-17 19:06:16.740000+00:00,2022-10-17 19:06:52.944000+00:00,23,-0.362496300395344,-0.5015016643254355
223,3.457574305555556,7.2794825,2022-10-17 19:07:08.034000+00:00,2022-10-17 19:07:40.278000+00:00,23,0.5550351137411619,0.1180786687889212
224,3.435040855263158,7.960785,2022-10-17 19:07:59.332000+00:00,2022-10-17 19:08:33.580000+00:00,23,0.4808932504421452,0.676811068943975
225,2.72114296875,4.490601249999999,2022-10-17 19:08:52.519000+00:00,2022-10-17 19:09:24.640000+00:00,23,-1.8680466067252977,-2.1690673706868315
226,2.88109265625,6.657966249999999,2022-10-17 19:09:43.579000+00:00,2022-10-17 19:10:16.268000+00:00,23,-1.3417637822372024,-0.3916233594553159
227,3.7156773684210527,8.35495125,2022-10-17 19:10:31.647000+00:00,2022-10-17 19:11:06.132000+00:00,23,1.4042722148382316,1.0000646236023198
228,3.1080459027777776,6.9035425,2022-10-17 19:11:24.800000+00:00,2022-10-17 19:11:57.361000+00:00,23,-0.5950189934461514,-0.1902276393697765
229,3.6201322916666654,9.00610625,2022-10-17 19:12:16.377000+00:00,2022-10-17 19:12:48.647000+00:00,23,1.0899000291455845,1.534073226275824
230,3.380997734375,10.314365,2022-10-17 19:13:07.455000+00:00,2022-10-17 19:13:40.207000+00:00,23,0.3030750455446126,2.6069689684921693
231,2.919492421875,6.266681250000001,2022-10-17 19:13:59.114000+00:00,2022-10-17 19:14:31.416000+00:00,24,-1.2154169451244017,-0.7125140169748017
232,3.2355979861111117,6.86259625,2022-10-17 19:14:50.229000+00:00,2022-10-17 19:15:23.153000+00:00,24,-0.17533408042618617,-0.22380743181123824
233,3.2314038157894736,5.000507499999999,2022-10-17 19:15:40.064000+00:00,2022-10-17 19:16:14.619000+00:00,24,-0.18913416867741129,-1.7508960841928538
234,3.647447205882353,9.99966,2022-10-17 19:16:29.793000+00:00,2022-10-17 19:17:04.362000+00:00,24,1.1797743541834633,2.348881144081138
235,3.544675294117647,7.651447500000001,2022-10-17 19:17:23.381000+00:00,2022-10-17 19:17:57.739000+00:00,24,0.8416236966426603,0.4231251015022534
236,3.561486328125,7.212165,2022-10-17 19:18:16.880000+00:00,2022-10-17 19:18:49.263000+00:00,24,0.8969370804837835,0.06287196053900548
237,3.1653777631578945,6.59096625,2022-10-17 19:19:09.972000+00:00,2022-10-17 19:19:44.283000+00:00,24,-0.40637984143777295,-0.44656968771682715
238,2.688812631578947,3.8603375,2022-10-17 19:20:01.241000+00:00,2022-10-17 19:20:35.488000+00:00,24,-1.9744231894431252,-2.6859431751470013
239,3.429260902777778,7.77419625,2022-10-17 19:20:54.519000+00:00,2022-10-17 19:21:27.503000+00:00,24,0.46187545949202086,0.523790670325988
240,3.4197050735294114,7.06286625,2022-10-17 19:21:48.050000+00:00,2022-10-17 19:22:22.193000+00:00,24,0.4304338925483133,-0.059567115976418034
251,3.128608552631579,7.917249999999998,2022-10-17 19:32:10.788000+00:00,2022-10-17 19:32:49.191000+00:00,26,-0.5273616593609045,0.6411082569907663
252,3.357179802631579,6.631752499999999,2022-10-17 19:33:05.961000+00:00,2022-10-17 19:33:40.691000+00:00,26,0.2247068499744122,-0.4131211103876325
253,3.0210161805555558,4.819645,2022-10-17 19:34:01.180000+00:00,2022-10-17 19:34:33.982000+00:00,26,-0.8813730885457455,-1.8992204169569973
254,2.873349921875,6.246067499999999,2022-10-17 19:34:56.789000+00:00,2022-10-17 19:35:25.632000+00:00,26,-1.3672397189509642,-0.7294192389777998
255,3.570086484375,9.0961175,2022-10-17 19:35:42.457000+00:00,2022-10-17 19:36:15.088000+00:00,26,0.9252341943639776,1.6078909529881973
256,3.502679705882353,7.5607075,2022-10-17 19:36:34.024000+00:00,2022-10-17 19:37:08.127000+00:00,26,0.7034455161288066,0.3487097309582296
257,3.4071242763157894,6.1720375,2022-10-17 19:41:52.541000+00:00,2022-10-17 19:42:30.640000+00:00,26,0.38903926655445525,-0.790130831234511
258,3.1764978289473684,8.168536250000002,2022-10-17 19:42:41.964000+00:00,2022-10-17 19:43:16.769000+00:00,26,-0.3697914634068514,0.8471867163953118
259,2.750139671052632,6.434800000000001,2022-10-17 19:43:33.383000+00:00,2022-10-17 19:44:08.009000+00:00,26,-1.7726386904786993,-0.5746407628790551
260,3.618638984375,6.562177500000001,2022-10-17 19:44:32.560000+00:00,2022-10-17 19:45:05.200000+00:00,26,1.0849865967308674,-0.4701791818621789
291,3.1881946710526314,6.5239775,2022-10-17 20:21:16.653000+00:00,2022-10-17 20:21:51.241000+00:00,30,-0.3313053169381432,-0.5015067899157578
292,3.8915888970588233,9.74926,2022-10-17 20:22:10.091000+00:00,2022-10-17 20:22:44.190000+00:00,30,1.9830743219164624,2.143529493384383
293,3.277315073529412,8.24809625,2022-10-17 20:23:04.900000+00:00,2022-10-17 20:23:39.253000+00:00,30,-0.03807225179072885,0.9124334309697256
294,2.8887668382352945,4.938636249999999,2022-10-17 20:23:56.275000+00:00,2022-10-17 20:24:30.729000+00:00,30,-1.3165134036088821,-1.8016363530353923
295,3.025176171875,6.379576249999999,2022-10-17 20:25:06.763000+00:00,2022-10-17 20:25:39.138000+00:00,30,-0.8676854595440124,-0.6199294538541564
296,3.439953157894737,9.378260000000004,2022-10-17 20:27:46.341000+00:00,2022-10-17 20:28:20.408000+00:00,30,0.49705621108367615,1.839274451816911
297,3.273975390625,8.43589125,2022-10-17 20:28:37.438000+00:00,2022-10-17 20:29:09.812000+00:00,30,-0.04906081812868193,1.0664430685200328
298,2.772926544117647,5.15893625,2022-10-17 20:29:26.749000+00:00,2022-10-17 20:30:01.229000+00:00,30,-1.6976629896483506,-1.620969545333734
299,3.30073875,7.585166249999999,2022-10-17 20:30:18.281000+00:00,2022-10-17 20:30:54.332000+00:00,30,0.038998724748917586,0.36876821612787436
300,3.730495921052632,8.452423750000001,2022-10-17 20:31:09.335000+00:00,2022-10-17 20:31:43.513000+00:00,30,1.4530297326281492,1.0800012800421754
301,3.0629715789473684,5.97478125,2022-10-17 20:31:58.780000+00:00,2022-10-17 20:32:33.034000+00:00,31,-0.7433271447662899,-0.9518995874156277
302,3.5251495394736843,7.2729625,2022-10-17 20:33:03.330000+00:00,2022-10-17 20:33:37.856000+00:00,31,0.7773780612500545,0.11273165296406955
303,3.108222734375,8.57694,2022-10-17 20:33:54.861000+00:00,2022-10-17 20:34:27.331000+00:00,31,-0.5944371640352941,1.1821163658092266
304,3.4722561029411767,6.44635625,2022-10-17 20:34:44.478000+00:00,2022-10-17 20:35:18.338000+00:00,31,0.6033426654309165,-0.5651635463720096
305,3.3933047916666665,6.676067500000001,2022-10-17 20:35:37.229000+00:00,2022-10-17 20:36:09.737000+00:00,31,0.3435689844439618,-0.3767786247621251
306,3.344741875,8.70431625,2022-10-17 20:36:30.457000+00:00,2022-10-17 20:37:02.847000+00:00,31,0.18378230809479215,1.2865769217080378
307,3.177598888888889,6.1665875,2022-10-17 20:37:22.064000+00:00,2022-10-17 20:37:54.648000+00:00,31,-0.3661686433500502,-0.7946003459960815
308,3.5059025,8.485854999999999,2022-10-17 20:38:15.300000+00:00,2022-10-17 20:38:49.465000+00:00,31,0.7140494830229512,1.1074180626793777
309,3.61323625,8.02449375,2022-10-17 20:39:06.565000+00:00,2022-10-17 20:39:39.075000+00:00,31,1.067209967396509,0.7290582613414466
310,3.692639342105263,8.50656125,2022-10-17 20:39:54.568000+00:00,2022-10-17 20:40:29.111000+00:00,31,1.3284701438894848,1.124399143419154
311,2.9549851388888886,6.6869000000000005,2022-10-17 20:40:55.409000+00:00,2022-10-17 20:41:27.695000+00:00,32,-1.0986351767397269,-0.36789495161447144
312,3.2180899342105262,6.34283625,2022-10-17 20:41:44.769000+00:00,2022-10-17 20:42:19.285000+00:00,32,-0.23294086384377993,-0.6500597240083034
313,3.378089558823529,5.904145000000001,2022-10-17 20:42:36.259000+00:00,2022-10-17 20:43:10.330000+00:00,32,0.293506268842029,-1.009827984127004
314,3.105679453125,8.782928750000002,2022-10-17 20:43:29.237000+00:00,2022-10-17 20:44:02.166000+00:00,32,-0.6028053281788944,1.3510465967895036
315,3.582752291666667,6.2984425,2022-10-17 20:44:21.007000+00:00,2022-10-17 20:44:57.474000+00:00,32,0.9669085292130559,-0.6864667920718781
316,3.3721763125,7.742611249999999,2022-10-17 20:45:08.824000+00:00,2022-10-17 20:45:44.988000+00:00,32,0.2740499008698155,0.4978879870701681
317,3.2476084027777774,6.878547499999999,2022-10-17 20:46:11.237000+00:00,2022-10-17 20:46:43.700000+00:00,32,-0.13581617885722108,-0.21072590018912823
318,3.5252734375,8.44025875,2022-10-17 20:47:55.248000+00:00,2022-10-17 20:48:28.237000+00:00,32,0.7777857232108696,1.0700248310376776
319,2.9673620312499995,5.56010625,2022-10-17 20:48:52.768000+00:00,2022-10-17 20:49:25.394000+00:00,32,-1.057911459350841,-1.2919722541595449
320,3.090427430555556,7.454382500000001,2022-10-17 20:49:44.049000+00:00,2022-10-17 20:50:20.484000+00:00,32,-0.6529890931018683,0.26151318838501775
321,3.574691736111111,7.298648750000001,2022-10-17 20:50:37.370000+00:00,2022-10-17 20:51:09.831000+00:00,33,0.9403868647382733,0.13379680407313357
322,2.8839244444444443,6.277945,2022-10-17 20:51:28.785000+00:00,2022-10-17 20:52:01.730000+00:00,33,-1.3324463430310505,-0.7032766780948684
323,3.618547421875,7.947395,2022-10-17 20:52:18.822000+00:00,2022-10-17 20:52:51.159000+00:00,33,1.0846853284266247,0.6658300042361899
324,3.318126102941176,7.03558875,2022-10-17 20:53:19.271000+00:00,2022-10-17 20:53:53.783000+00:00,33,0.096208372102893,-0.08193724238169273
325,3.2222445588235296,6.665760000000001,2022-10-17 20:54:10.616000+00:00,2022-10-17 20:54:44.953000+00:00,33,-0.2192708929285873,-0.3852317483226559
326,3.1559554861111114,6.57772625,2022-10-17 20:55:03.765000+00:00,2022-10-17 20:55:36.394000+00:00,33,-0.4373819812655883,-0.45742773825686295
327,3.074129027777777,6.58250625,2022-10-17 20:55:55.326000+00:00,2022-10-17 20:56:27.804000+00:00,33,-0.706615765229841,-0.45350768677790787
328,3.0317764583333333,5.725928750000001,2022-10-17 20:56:46.801000+00:00,2022-10-17 20:57:19.049000+00:00,33,-0.8459685218368216,-1.1559821419484309
329,3.342505234375,7.7580375,2022-10-17 20:57:37.758000+00:00,2022-10-17 20:58:10.534000+00:00,33,0.17642308430456213,0.5105389691051568
330,3.078639765625,7.28365375,2022-10-17 20:58:29.447000+00:00,2022-10-17 20:59:01.654000+00:00,33,-0.6917740741214295,0.12149948777042593
331,3.383387039473684,8.669683749999999,2022-10-17 20:59:18.658000+00:00,2022-10-17 20:59:52.939000+00:00,34,0.3109365816035626,1.2581750006107715
332,3.444311666666666,7.761527499999999,2022-10-17 21:00:30.549000+00:00,2022-10-17 21:01:06.749000+00:00,34,0.5113970225156904,0.5134010987414641
333,3.240721484375,7.0468625,2022-10-17 21:01:53.524000+00:00,2022-10-17 21:02:26.944000+00:00,34,-0.15847622231015263,-0.07269170255724172
334,3.494163602941176,8.8735875,2022-10-17 21:02:43.807000+00:00,2022-10-17 21:03:18.632000+00:00,34,0.6754249630438618,1.4253953346593276
335,3.0472817763157893,7.242369999999999,2022-10-17 21:03:41.320000+00:00,2022-10-17 21:04:19.368000+00:00,34,-0.7949513384341156,0.08764291345152701
336,3.158396907894737,8.38542625,2022-10-17 21:04:37.973000+00:00,2022-10-17 21:05:12.362000+00:00,34,-0.42934896555836355,1.025057002016792
337,3.199526710526316,7.167236249999999,2022-10-17 21:05:29.384000+00:00,2022-10-17 21:06:03.456000+00:00,34,-0.29401948140675854,0.02602614194379025
338,3.26815015625,6.1315925,2022-10-17 21:06:20.471000+00:00,2022-10-17 21:06:53.251000+00:00,34,-0.06822760018432161,-0.8232995513320759
339,2.8066765441176464,5.743337499999999,2022-10-17 21:07:10.276000+00:00,2022-10-17 21:07:44.326000+00:00,34,-1.5866152870607917,-1.141705322663021
340,3.753864802631579,9.17135625,2022-10-17 21:08:01.350000+00:00,2022-10-17 21:08:39.314000+00:00,34,1.5299204174098633,1.6695938344133592
341,3.688216180555555,7.1434525,2022-10-17 21:08:52.564000+00:00,2022-10-17 21:09:25.149000+00:00,35,1.313916605274116,0.006521220529019055
342,3.1600956944444443,5.92940625,2022-10-17 21:09:55.407000+00:00,2022-10-17 21:10:28.080000+00:00,35,-0.4237594442685369,-0.9891113731598978
343,3.0175035416666667,5.62361125,2022-10-17 21:10:46.691000+00:00,2022-10-17 21:11:19.171000+00:00,35,-0.89293073235703,-1.2398921560065999
344,3.254464375,5.73173875,2022-10-17 21:12:10.364000+00:00,2022-10-17 21:12:43.088000+00:00,35,-0.11325795769331153,-1.1512173931842622
345,3.218227697368421,5.82294875,2022-10-17 21:13:15.031000+00:00,2022-10-17 21:13:49.488000+00:00,35,-0.23248758140865652,-1.0764165782479562
346,3.3843068125,8.252567499999998,2022-10-17 21:14:04.478000+00:00,2022-10-17 21:14:40.568000+00:00,35,0.3139629129065091,0.9161002782867284
347,3.903862890625,10.23979125,2022-10-17 21:14:57.464000+00:00,2022-10-17 21:15:30.462000+00:00,35,2.0234594711638234,2.545811449877364
348,2.709139609375,5.401423749999999,2022-10-17 21:15:49.056000+00:00,2022-10-17 21:16:21.740000+00:00,35,-1.9075412876712712,-1.4221068919857742
349,3.103035855263158,7.415730000000002,2022-10-17 21:17:20.693000+00:00,2022-10-17 21:17:55.068000+00:00,35,-0.6115035643010563,0.2298144875920616
350,3.118942734375,6.04305,2022-10-17 21:18:14.114000+00:00,2022-10-17 21:18:46.930000+00:00,35,-0.5591651233911857,-0.895912764318567
351,2.91665296875,5.019567499999999,2022-10-17 21:19:05.954000+00:00,2022-10-17 21:19:38.232000+00:00,36,-1.2247596042691815,-1.7352650839441315
352,2.936421388888889,6.455915,2022-10-17 21:19:57.035000+00:00,2022-10-17 21:20:33.362000+00:00,36,-1.1597155260407581,-0.557324468532163
353,3.216034264705882,6.72365625,2022-10-17 21:21:01.359000+00:00,2022-10-17 21:21:36.007000+00:00,36,-0.23970463794066982,-0.33775135492548364
354,3.140481578947368,7.465419999999999,2022-10-17 21:21:53.072000+00:00,2022-10-17 21:22:27.513000+00:00,36,-0.48829581357927393,0.27056498089526126
355,2.920589736842105,5.5118925,2022-10-17 21:22:42.429000+00:00,2022-10-17 21:23:17.094000+00:00,36,-1.2118064471655277,-1.3315120830284768
356,3.454783161764706,7.002555,2022-10-17 21:23:34.093000+00:00,2022-10-17 21:24:08.503000+00:00,36,0.5458514069095933,-0.10902803747435973
357,2.951463828125,5.3034125,2022-10-17 21:24:27.409000+00:00,2022-10-17 21:25:00.268000+00:00,36,-1.1102213536412577,-1.5024853743114615
358,3.1861152777777777,7.270777499999999,2022-10-17 21:25:17.279000+00:00,2022-10-17 21:25:53.475000+00:00,36,-0.33814714941069224,0.11093974658718157
359,3.089180486111111,6.06907125,2022-10-17 21:26:08.711000+00:00,2022-10-17 21:26:41.087000+00:00,36,-0.6570919172740145,-0.8745728815681957
360,3.043986447368421,5.4358675000000005,2022-10-17 21:26:57.832000+00:00,2022-10-17 21:27:32.519000+00:00,36,-0.8057939668452432,-1.393859763716259
361,2.732829765625,6.49943875,2022-10-17 21:27:51.504000+00:00,2022-10-17 21:28:23.909000+00:00,37,-1.8295935121008173,-0.5216308826415362
362,3.7079117647058815,7.385476250000001,2022-10-17 21:28:54.215000+00:00,2022-10-17 21:29:28.440000+00:00,37,1.3787210310819298,0.20500355507502044
363,3.462479921875,8.510190000000001,2022-10-17 21:29:45.315000+00:00,2022-10-17 21:30:17.533000+00:00,37,0.5711760743945037,1.1273750611606317
364,3.292561776315789,9.0890975,2022-10-17 21:30:34.627000+00:00,2022-10-17 21:31:09.034000+00:00,37,0.012094009437790255,1.6021338899375128
365,2.945812222222222,6.4804400000000015,2022-10-17 21:32:51.041000+00:00,2022-10-17 21:33:27.299000+00:00,37,-1.1288168455355925,-0.5372116521050935
366,3.258707368421053,6.527195000000001,2022-10-17 21:33:44.202000+00:00,2022-10-17 21:34:18.549000+00:00,37,-0.09929722668584262,-0.49886813601752716
367,3.5430030555555554,6.422280000000001,2022-10-17 21:34:35.550000+00:00,2022-10-17 21:35:07.906000+00:00,37,0.8361215262575169,-0.584908345413893
368,2.741587578125,5.99045125,2022-10-17 21:35:34.833000+00:00,2022-10-17 21:36:03.614000+00:00,37,-1.8007776614988142,-0.9390487073580479
369,3.077099852941177,7.2034875,2022-10-17 21:36:20.597000+00:00,2022-10-17 21:36:54.909000+00:00,37,-0.6968408523651045,0.055755590934687946
370,3.080429558823529,6.265888750000001,2022-10-17 21:37:11.987000+00:00,2022-10-17 21:37:46.053000+00:00,37,-0.6858851134457717,-0.7131639418277458
391,3.23389921875,7.765463749999999,2022-10-17 22:29:04.628000+00:00,2022-10-17 22:29:37.299000+00:00,40,-0.1809235385797326,0.5166291955268285
392,2.8765957638888886,5.691610000000001,2022-10-17 22:29:56.115000+00:00,2022-10-17 22:30:32.516000+00:00,40,-1.3565599175108307,-1.1841267584114876
393,3.972548486842105,7.50813125,2022-10-17 22:30:43.893000+00:00,2022-10-17 22:31:18.400000+00:00,40,2.249455846297641,0.30559224004391117
394,3.4494743055555555,6.675195,2022-10-17 22:31:35.369000+00:00,2022-10-17 22:32:07.784000+00:00,40,0.5283836651201451,-0.3774941571712028
395,3.320105546875,5.594577499999999,2022-10-17 22:32:24.796000+00:00,2022-10-17 22:32:57.194000+00:00,40,0.10272134102887892,-1.2637025732926106
396,3.35898640625,6.815873749999999,2022-10-17 22:33:16.056000+00:00,2022-10-17 22:33:48.581000+00:00,40,0.23065112201328777,-0.2621242948291272
397,3.196778203125,5.5279300000000005,2022-10-17 22:34:35.961000+00:00,2022-10-17 22:35:08.768000+00:00,40,-0.3030629016278268,-1.3183598182599094
398,3.22463375,7.4321825000000015,2022-10-17 22:35:55.984000+00:00,2022-10-17 22:36:28.598000+00:00,40,-0.21140973170815666,0.24330709155806923
399,3.11034375,6.4427262500000015,2022-10-17 22:36:43.716000+00:00,2022-10-17 22:37:18.112000+00:00,40,-0.5874583814483728,-0.56814048923155
400,3.122136875,5.52156125,2022-10-17 22:37:34.851000+00:00,2022-10-17 22:38:07.532000+00:00,40,-0.5486554351497689,-1.323582794798947
411,2.73010390625,7.206251249999999,2022-10-17 22:50:37.283000+00:00,2022-10-17 22:51:09.565000+00:00,42,-1.838562413468832,0.05802212697547509
412,3.01443,5.957627500000001,2022-10-17 22:51:26.479000+00:00,2022-10-17 22:52:04.596000+00:00,42,-0.9030436135685999,-0.9659672826158646
413,3.2080652777777776,6.164278749999999,2022-10-17 22:52:21.569000+00:00,2022-10-17 22:52:54.018000+00:00,42,-0.26592501395004203,-0.7964937390613623
414,3.2148572794117647,6.893833750000001,2022-10-17 22:53:52.566000+00:00,2022-10-17 22:54:27.253000+00:00,42,-0.24357727535966509,-0.19818973137737256
415,3.367746710526316,7.044994999999999,2022-10-17 22:54:42.362000+00:00,2022-10-17 22:55:20.662000+00:00,42,0.25947517131263154,-0.0742232289457252
416,2.686442302631579,4.44748,2022-10-17 22:55:33.989000+00:00,2022-10-17 22:56:08.389000+00:00,42,-1.9822222882277771,-2.204430868560663
417,3.2076756578947365,8.915265,2022-10-17 22:56:23.190000+00:00,2022-10-17 22:56:57.751000+00:00,42,-0.26720698114690566,1.459574821168569
418,3.74324,7.3274374999999985,2022-10-17 22:57:16.571000+00:00,2022-10-17 22:57:48.750000+00:00,42,1.4949616048859193,0.1574062982184839
419,3.1627759375,6.55522,2022-10-17 22:58:07.440000+00:00,2022-10-17 22:58:40.019000+00:00,42,-0.4149406343812555,-0.475884989009634
420,3.690882828947368,8.13226625,2022-10-17 22:59:00.743000+00:00,2022-10-17 22:59:38.685000+00:00,42,1.3226906846080306,0.8174418906334442
441,3.249129264705882,6.785,2022-10-17 23:21:52.148000+00:00,2022-10-17 23:22:26.628000+00:00,45,-0.13081208335888309,-0.2874436859061985
442,3.250537132352941,6.38471875,2022-10-17 23:22:49.068000+00:00,2022-10-17 23:23:23.784000+00:00,45,-0.12617977320323095,-0.6157121181364712
443,3.168578828125,8.17762875,2022-10-17 23:24:01.642000+00:00,2022-10-17 23:24:34.130000+00:00,45,-0.39584737001760806,0.8546434251970682
444,3.3246206944444445,6.693867500000001,2022-10-17 23:24:54.810000+00:00,2022-10-17 23:25:31.038000+00:00,45,0.11757754145645352,-0.36218094352249935
445,3.3286997916666667,7.1964425,2022-10-17 23:25:53.442000+00:00,2022-10-17 23:26:26.429000+00:00,45,0.1309990044241299,0.04997802552271277
446,3.1601781944444443,7.624898749999999,2022-10-17 23:26:46.898000+00:00,2022-10-17 23:27:19.628000+00:00,45,-0.42348799432887846,0.401352618928628
447,3.11886875,5.54318125,2022-10-17 23:27:40.140000+00:00,2022-10-17 23:28:12.645000+00:00,45,-0.5594085543503309,-1.3058523527539638
448,2.7739051470588234,6.28164,2022-10-17 23:28:42.722000+00:00,2022-10-17 23:29:13.894000+00:00,45,-1.6944430901412966,-0.7002464290959682
449,3.905198515625,10.16739,2022-10-17 23:29:32.743000+00:00,2022-10-17 23:30:05.152000+00:00,45,2.027854081171779,2.4864355864587995
450,3.492699558823529,7.649278750000001,2022-10-17 23:30:24.086000+00:00,2022-10-17 23:30:58.111000+00:00,45,0.6706078153178898,0.4213465216602063
451,3.40036125,7.02711,2022-10-17 23:31:28.340000+00:00,2022-10-17 23:32:00.837000+00:00,46,0.3667868655201552,-0.08889061821374122
452,3.145333355263158,6.838775,2022-10-17 23:32:17.715000+00:00,2022-10-17 23:32:52.113000+00:00,46,-0.47233200281372734,-0.24334310676794788
453,2.7313263194444444,6.268685,2022-10-17 23:33:11.040000+00:00,2022-10-17 23:33:44.003000+00:00,46,-1.834540304524958,-0.7108707527172806
454,3.381019305555556,7.904835000000001,2022-10-17 23:34:06.429000+00:00,2022-10-17 23:34:39.003000+00:00,46,0.30314602124958584,0.6309267843733557
455,3.333048970588236,6.58321875,2022-10-17 23:34:56.085000+00:00,2022-10-17 23:35:30.805000+00:00,46,0.14530911782805545,-0.45292336948109657
456,3.456371640625,7.60399875,2022-10-17 23:36:05.066000+00:00,2022-10-17 23:36:37.551000+00:00,46,0.5510779825553579,0.38421264488884355
457,2.881977265625,5.835857499999999,2022-10-17 23:36:59.940000+00:00,2022-10-17 23:37:32.222000+00:00,46,-1.3388531499770198,-1.0658301839950353
458,3.363520588235294,7.01241375,2022-10-17 23:37:52.709000+00:00,2022-10-17 23:38:27.413000+00:00,46,0.24556995142308927,-0.10094293129901356
459,3.030672426470588,5.1235212500000005,2022-10-17 23:39:07.246000+00:00,2022-10-17 23:39:41.656000+00:00,46,-0.8496011204128604,-1.6500131903394268
460,3.215969930555556,6.04452,2022-10-17 23:39:58.608000+00:00,2022-10-17 23:40:34.690000+00:00,46,-0.2399163167433851,-0.8947072254746202
461,3.214109705882353,5.03776125,2022-10-17 23:41:27.618000+00:00,2022-10-17 23:42:02.294000+00:00,47,-0.2460370182620778,-1.7203444905141623
462,3.024225367647059,7.098875,2022-10-17 23:42:36.011000+00:00,2022-10-17 23:43:10.682000+00:00,47,-0.8708138928810022,-0.03003653989004942
463,3.190982109375,8.286463750000001,2022-10-17 23:43:29.511000+00:00,2022-10-17 23:44:01.979000+00:00,47,-0.3221338022180374,0.943898404843959
464,3.398012205882353,6.362007500000001,2022-10-17 23:44:24.683000+00:00,2022-10-17 23:44:58.861000+00:00,47,0.35905780025966555,-0.6343374882518329
465,3.4054125694444446,6.254495,2022-10-17 23:45:15.796000+00:00,2022-10-17 23:45:48.128000+00:00,47,0.38340723350064243,-0.7225078929863972
466,3.840788680555556,7.808676249999999,2022-10-17 23:46:12.878000+00:00,2022-10-17 23:46:45.726000+00:00,47,1.815926252771617,0.5520675270193738
467,3.048642083333333,5.69765375,2022-10-17 23:47:15.458000+00:00,2022-10-17 23:47:48.059000+00:00,47,-0.7904755171270939,-1.1791703125692419
468,3.095607222222222,6.58141875,2022-10-17 23:48:08.571000+00:00,2022-10-17 23:48:41.203000+00:00,47,-0.6359460126732622,-0.45439953949409256
469,3.0002522794117645,6.153166249999999,2022-10-17 23:48:59.989000+00:00,2022-10-17 23:49:34.580000+00:00,47,-0.9496926002131006,-0.8056070386554828
470,3.027111875,4.800081250000001,2022-10-17 23:49:55.375000+00:00,2022-10-17 23:50:27.432000+00:00,47,-0.861316411101855,-1.9152645397857457
471,3.70226,7.288364999999999,2022-10-17 23:50:48.109000+00:00,2022-10-17 23:51:22.503000+00:00,48,1.3601250166773784,0.12536315775582868
472,3.216025069444444,5.7826175,2022-10-17 23:51:45.160000+00:00,2022-10-17 23:52:17.752000+00:00,48,-0.23973489313051835,-1.1094920126016445
473,3.17037875,7.151875,2022-10-17 23:52:42.509000+00:00,2022-10-17 23:53:14.971000+00:00,48,-0.3899250829344719,0.013428466048162087
474,3.3402425,7.1757475,2022-10-17 23:53:43.026000+00:00,2022-10-17 23:54:15.690000+00:00,48,0.16897800418872097,0.03300617084551902
475,3.2828602631578945,5.898018750000001,2022-10-17 23:55:02.372000+00:00,2022-10-17 23:55:40.613000+00:00,48,-0.019826901608348494,-1.0148520877615121
476,3.722549236111112,8.666199999999998,2022-10-17 23:56:06.893000+00:00,2022-10-17 23:56:43.294000+00:00,48,1.426882736896506,1.2553179965647852
477,2.9990617763157896,7.721498749999999,2022-10-17 23:57:03.997000+00:00,2022-10-17 23:57:38.534000+00:00,48,-0.9536097152866233,0.4805737429594051
478,3.611604236111111,7.21791,2022-10-17 23:57:57.285000+00:00,2022-10-17 23:58:30.129000+00:00,48,1.061840148346076,0.0675834031638173
479,3.4912175694444443,6.90582375,2022-10-17 23:58:57.831000+00:00,2022-10-17 23:59:30.225000+00:00,48,0.6657316222569565,-0.18835679890191773
480,3.5318565625,7.86266125,2022-10-17 23:59:51.069000+00:00,2022-10-18 00:00:23.784000+00:00,48,0.7994461945322533,0.5963403259924754
481,3.038106640625,5.794006250000001,2022-10-18 00:00:48.178000+00:00,2022-10-18 00:01:20.638000+00:00,49,-0.8251403084901532,-1.1001521619152512
482,3.148895234375,7.978628749999999,2022-10-18 00:01:43.285000+00:00,2022-10-18 00:02:15.668000+00:00,49,-0.46061234378366317,0.6914446293158601
483,3.579248092105263,9.4956325,2022-10-18 00:02:34.354000+00:00,2022-10-18 00:03:12.556000+00:00,49,0.9553786533403973,1.9355309878448814
484,3.07018822368421,6.877862499999999,2022-10-18 00:03:31.352000+00:00,2022-10-18 00:04:05.393000+00:00,49,-0.719582201998382,-0.21128766488851816
485,3.4679698026315786,7.579703749999999,2022-10-18 00:04:41.459000+00:00,2022-10-18 00:05:19.580000+00:00,49,0.5892394416685101,0.3642884501856577
486,2.900870986842105,5.34573375,2022-10-18 00:05:30.975000+00:00,2022-10-18 00:06:05.464000+00:00,49,-1.2766870956217782,-1.4677779519989615
487,3.2492164062500004,6.757805000000001,2022-10-18 00:06:24.239000+00:00,2022-10-18 00:06:53.308000+00:00,49,-0.13052536133594153,-0.3097461545192098
488,3.41979578125,7.077597500000001,2022-10-18 00:07:15.917000+00:00,2022-10-18 00:07:47.785000+00:00,49,0.4307323483698928,-0.04748609958533633
489,3.068291796875,5.48461875,2022-10-18 00:08:14.182000+00:00,2022-10-18 00:08:47.049000+00:00,49,-0.7258220194884039,-1.3538791340795575
490,2.660552421875,5.17933125,2022-10-18 00:09:11.502000+00:00,2022-10-18 00:09:44.030000+00:00,49,-2.0674078223991548,-1.6042437189920398
491,3.4128713888888886,7.832968749999999,2022-10-18 00:10:08.642000+00:00,2022-10-18 00:10:44.784000+00:00,50,0.4079490042657072,0.5719896714864305
492,3.4874279166666664,8.52568625,2022-10-18 00:10:59.894000+00:00,2022-10-18 00:11:32.221000+00:00,50,0.6532625190102365,1.140083449807234
493,3.60104375,6.87567375,2022-10-18 00:11:53.129000+00:00,2022-10-18 00:12:25.836000+00:00,50,1.027092956617285,-0.21308264661959794
494,3.238767578125,7.22662125,2022-10-18 00:12:46.692000+00:00,2022-10-18 00:13:19.096000+00:00,50,-0.16490516453634385,0.07472745095587856
495,3.1788173684210523,7.25922125,2022-10-18 00:15:27.428000+00:00,2022-10-18 00:16:05.351000+00:00,50,-0.36215947734422155,0.10146253008013688
496,2.9059713157894733,6.484926250000001,2022-10-18 00:16:16.632000+00:00,2022-10-18 00:16:51.021000+00:00,50,-1.2599054715611542,-0.5335325033713147
497,3.4119249305555552,8.320622499999999,2022-10-18 00:17:21.096000+00:00,2022-10-18 00:17:53.604000+00:00,50,0.40483487023573606,0.971911806194747
498,2.958321953125,5.026718750000001,2022-10-18 00:19:19.434000+00:00,2022-10-18 00:19:48.178000+00:00,50,-1.0876560491876783,-1.7294003834966654
499,3.120211176470588,6.690468750000001,2022-10-18 00:20:14.521000+00:00,2022-10-18 00:20:48.800000+00:00,50,-0.5549915654480623,-0.364968239540094
500,3.1512371875,6.227631250000001,2022-10-18 00:21:09.522000+00:00,2022-10-18 00:21:42.127000+00:00,50,-0.45290661003258087,-0.744538705312295
501,3.24994921875,6.0187750000000015,2022-10-18 00:22:21.486000+00:00,2022-10-18 00:22:54.768000+00:00,51,-0.1281141866825375,-0.915820557132718
502,3.726231015625,7.598446249999999,2022-10-18 00:31:07.097000+00:00,2022-10-18 00:31:39.770000+00:00,51,1.4389969044950601,0.37965907044597696
503,3.217104453125,8.77519875,2022-10-18 00:39:43.718000+00:00,2022-10-18 00:40:17.348000+00:00,51,-0.23618339452499973,1.3447072666781363
504,3.236502205882353,8.83014625,2022-10-18 00:40:34.378000+00:00,2022-10-18 00:41:08.877000+00:00,51,-0.17235892403416805,1.3897694065609643
505,3.588875703125,7.7277975,2022-10-18 00:41:33.354000+00:00,2022-10-18 00:42:05.788000+00:00,51,0.987056404011462,0.4857393128868267
506,3.804475526315789,9.949970000000002,2022-10-18 00:43:08.330000+00:00,2022-10-18 00:43:42.941000+00:00,51,1.6964449978965397,2.308130650777938
507,2.9774182236842104,6.636007499999999,2022-10-18 00:44:14.621000+00:00,2022-10-18 00:44:49.050000+00:00,51,-1.0248235462664699,-0.40963160849580094
508,3.33289203125,6.610675,2022-10-18 00:45:06.070000+00:00,2022-10-18 00:45:38.347000+00:00,51,0.1447927399626722,-0.4304066511925877
509,3.47512859375,8.909400000000002,2022-10-18 00:45:57.304000+00:00,2022-10-18 00:46:29.650000+00:00,51,0.6127940285427302,1.454764967209559
510,3.199615833333333,6.8243575,2022-10-18 00:46:50.334000+00:00,2022-10-18 00:47:26.617000+00:00,51,-0.2937262404299469,-0.25516681852481904
511,3.3710869444444445,7.98614125,2022-10-18 00:47:43.635000+00:00,2022-10-18 00:48:16.008000+00:00,52,0.2704655506522825,0.6976055888839899
512,3.832317638888889,9.21973125,2022-10-18 00:48:34.815000+00:00,2022-10-18 00:49:07.206000+00:00,52,1.7880539649017848,1.7092659035126223
513,2.772415546875,6.2423275,2022-10-18 00:49:27.971000+00:00,2022-10-18 00:50:00.556000+00:00,52,-1.6993443250505584,-0.7324863922270235
514,3.491537794117647,7.498304999999999,2022-10-18 00:50:19.322000+00:00,2022-10-18 00:50:53.655000+00:00,52,0.6667852582353564,0.2975337869382438
515,3.495969264705882,6.53636375,2022-10-18 00:51:12.489000+00:00,2022-10-18 00:51:46.815000+00:00,52,0.6813661360992936,-0.49134889501383056
516,2.9775778472222223,8.3829325,2022-10-18 00:52:07.409000+00:00,2022-10-18 00:52:40.221000+00:00,52,-1.0242983365723923,1.0230118914779545
517,3.578227847222222,6.752691250000001,2022-10-18 00:53:06.409000+00:00,2022-10-18 00:53:39.417000+00:00,52,0.9520217392562961,-0.3139399125214088
518,2.9036745833333333,6.610478750000001,2022-10-18 00:53:58.249000+00:00,2022-10-18 00:54:30.706000+00:00,52,-1.2674624156415286,-0.43056759472872547
519,3.6365763157894735,9.6758,2022-10-18 00:54:57.157000+00:00,2022-10-18 00:55:31.177000+00:00,52,1.1440058395198738,2.0832853549651205
520,3.4409140625,8.642319999999998,2022-10-18 00:55:51.824000+00:00,2022-10-18 00:56:24.688000+00:00,52,0.5002178777153883,1.2357341410590401
521,3.000856544117647,5.537051250000001,2022-10-18 00:56:49.114000+00:00,2022-10-18 00:57:23.345000+00:00,53,-0.9477043866621966,-1.3108795317426654
522,3.245676640625,6.3314,2022-10-18 00:57:42.317000+00:00,2022-10-18 00:58:14.956000+00:00,53,-0.14217226030941404,-0.6594385291811499
523,3.857202434210526,8.689578749999999,2022-10-18 00:58:33.716000+00:00,2022-10-18 00:59:07.764000+00:00,53,1.8699324641559916,1.2744907797266338
524,3.657539338235294,8.66567625,2022-10-18 01:00:55.998000+00:00,2022-10-18 01:01:30.790000+00:00,53,1.2129805204650534,1.2548884720957278
525,3.205168333333333,7.594954999999999,2022-10-18 01:01:51.378000+00:00,2022-10-18 01:02:24.142000+00:00,53,-0.2754568369153569,0.3767959156916033
526,3.723976944444444,7.3519175,2022-10-18 01:03:37.597000+00:00,2022-10-18 01:04:09.794000+00:00,53,1.431580328907814,0.17748221039522843
527,3.143824236111111,7.6677187500000015,2022-10-18 01:05:02.786000+00:00,2022-10-18 01:05:34.947000+00:00,53,-0.47729746102900716,0.43646906334889773
528,3.5365439473684206,6.739056250000001,2022-10-18 01:05:52.254000+00:00,2022-10-18 01:06:26.638000+00:00,53,0.8148691077406036,-0.32512190036985217
529,2.9845380263157897,6.8483012500000005,2022-10-18 01:07:07.928000+00:00,2022-10-18 01:07:42.325000+00:00,53,-1.0013972433001366,-0.23553068199778
530,3.0556359722222224,8.923710000000002,2022-10-18 01:08:06.815000+00:00,2022-10-18 01:08:39.754000+00:00,53,-0.7674635084377958,1.4665005188128761
531,3.029610394736842,5.7111825,2022-10-18 01:09:17.039000+00:00,2022-10-18 01:09:51.377000+00:00,54,-0.853095525867901,-1.168075459756288
532,3.1822690972222225,6.762145,2022-10-18 01:10:08.503000+00:00,2022-10-18 01:10:40.999000+00:00,54,-0.3508022461345841,-0.3061869445989872
533,3.225658088235294,6.67414875,2022-10-18 01:11:05.635000+00:00,2022-10-18 01:11:36.507000+00:00,54,-0.20803934925772824,-0.3783521809912573
534,2.8463178125,5.88417,2022-10-18 01:11:53.242000+00:00,2022-10-18 01:12:25.651000+00:00,54,-1.4561835305713906,-1.0262093707989997
535,3.170219411764706,6.2413525000000005,2022-10-18 01:12:48.195000+00:00,2022-10-18 01:13:22.700000+00:00,54,-0.39044935389636104,-0.7332859843173958
536,3.3280858823529407,5.87703,2022-10-18 01:13:49.081000+00:00,2022-10-18 01:14:23.312000+00:00,54,0.1289790571978666,-1.032064845183883
537,3.691007434210527,9.811975,2022-10-18 01:14:38.341000+00:00,2022-10-18 01:15:12.769000+00:00,54,1.3231006735918571,2.194961716920514
538,3.3492199305555554,8.86082875,2022-10-18 01:15:46.523000+00:00,2022-10-18 01:16:18.842000+00:00,54,0.1985164645837965,1.4149319545741552
539,2.752740972222222,4.684868750000001,2022-10-18 01:16:36.176000+00:00,2022-10-18 01:17:09.127000+00:00,54,-1.7640796232602902,-2.0097496717981254
540,2.9866845394736843,6.44173875,2022-10-18 01:17:48.533000+00:00,2022-10-18 01:18:23.019000+00:00,54,-0.994334566122117,-0.56895033250257
541,2.8873069444444446,5.02807375,2022-10-18 01:18:39.896000+00:00,2022-10-18 01:19:12.003000+00:00,55,-1.3213168955050516,-1.728289155514661
542,3.007206484375,8.080652500000001,2022-10-18 01:19:28.851000+00:00,2022-10-18 01:20:01.910000+00:00,55,-0.9268111636356094,0.7751137406288534
543,3.42376375,7.93687625,2022-10-18 01:20:26.315000+00:00,2022-10-18 01:21:00.705000+00:00,55,0.4437881650699444,0.6572036357227453
544,3.2050938970588234,6.985346249999999,2022-10-18 01:21:19.489000+00:00,2022-10-18 01:21:53.834000+00:00,55,-0.27570175476049646,-0.12314083786943943
545,3.164060065789473,7.371557499999999,2022-10-18 01:23:26.639000+00:00,2022-10-18 01:24:04.673000+00:00,55,-0.41071546411833226,0.19358886542591555
546,3.302347222222222,7.9920149999999985,2022-10-18 01:24:21.495000+00:00,2022-10-18 01:24:54.485000+00:00,55,0.04429108459939732,0.702422618669452
547,3.630873194444444,10.3472825,2022-10-18 01:25:18.706000+00:00,2022-10-18 01:25:50.897000+00:00,55,1.1252408462474703,2.6339644276048304
548,2.9913768055555554,5.74424125,2022-10-18 01:26:09.988000+00:00,2022-10-18 01:26:42.373000+00:00,55,-0.9788955922459296,-1.1409641623023286
549,2.9009576470588234,5.047017500000001,2022-10-18 01:27:06.628000+00:00,2022-10-18 01:27:41.456000+00:00,55,-1.276401957311488,-1.7127534912459434
550,3.0485298437500004,7.27119375,2022-10-18 01:28:04.128000+00:00,2022-10-18 01:28:36.408000+00:00,55,-0.7908448192861605,0.11128111090268814
551,3.2229549264705883,8.50351375,2022-10-18 01:28:57.135000+00:00,2022-10-18 01:29:31.519000+00:00,56,-0.21693356862641222,1.1218999055777061
552,3.7539350735294112,8.62582875,2022-10-18 01:29:59.884000+00:00,2022-10-18 01:30:34.192000+00:00,56,1.5301516299065456,1.2222097584330323
553,3.347843947368421,8.465482499999998,2022-10-18 01:31:42.457000+00:00,2022-10-18 01:32:17.099000+00:00,56,0.19398906393993365,1.0907106884628452
554,3.33462,7.771761249999999,2022-10-18 01:32:32.133000+00:00,2022-10-18 01:33:06.474000+00:00,56,0.15047827951320855,0.5217937403361844
555,2.86263171875,6.557074999999998,2022-10-18 01:33:27.394000+00:00,2022-10-18 01:34:00.171000+00:00,56,-1.4025058473331296,-0.4743637138017981
556,3.3770440625,6.167647499999999,2022-10-18 01:34:17.258000+00:00,2022-10-18 01:34:49.722000+00:00,56,0.2900662698852401,-0.7937310458773181
557,3.070622222222222,6.97801125,2022-10-18 01:35:06.799000+00:00,2022-10-18 01:35:39.331000+00:00,56,-0.7181542156110461,-0.129156230672397
558,3.1971356578947367,6.678217500000001,2022-10-18 01:36:01.665000+00:00,2022-10-18 01:36:36.393000+00:00,56,-0.3018867673772127,-0.3750154216910472
559,3.40741875,7.276443749999999,2022-10-18 01:36:56.759000+00:00,2022-10-18 01:37:29.518000+00:00,56,0.3900081739945767,0.11558660677392543
560,3.244975234375,6.906977500000001,2022-10-18 01:37:46.583000+00:00,2022-10-18 01:38:19.195000+00:00,56,-0.14448009890624583,-0.187410614928309
561,3.678725073529412,7.12261125,2022-10-18 01:38:38.053000+00:00,2022-10-18 01:39:12.382000+00:00,57,1.2826879940069795,-0.01057057296173081
562,3.075565555555555,6.967511249999999,2022-10-18 01:39:34.834000+00:00,2022-10-18 01:40:11.101000+00:00,57,-0.701889154580198,-0.13776722241487308
563,3.8777450657894734,7.68870625,2022-10-18 01:40:22.449000+00:00,2022-10-18 01:40:57.013000+00:00,57,1.9375239320654658,0.45368079565320224
564,3.028084166666667,6.22442125,2022-10-18 01:41:21.358000+00:00,2022-10-18 01:41:53.969000+00:00,57,-0.858117277595829,-0.7471712085021386
565,2.748148289473684,5.69633875,2022-10-18 01:42:48.638000+00:00,2022-10-18 01:43:26.998000+00:00,57,-1.7791909378658801,-1.1802487367731804
566,3.9158007236842103,9.905215000000002,2022-10-18 01:43:38.359000+00:00,2022-10-18 01:44:13.060000+00:00,57,2.062738550722316,2.2714273235936995
567,4.044250263157895,10.01448875,2022-10-18 01:44:33.690000+00:00,2022-10-18 01:45:08.019000+00:00,57,2.4853763657440315,2.361042119681256
568,3.3362251388888886,7.55846875,2022-10-18 01:51:21.252000+00:00,2022-10-18 01:51:53.690000+00:00,57,0.15575967168935712,0.34687374450456593
569,3.730281381578948,7.824313750000001,2022-10-18 01:52:08.870000+00:00,2022-10-18 01:52:43.703000+00:00,57,1.452323832904685,0.564891754007277
570,3.135324779411764,6.9295,2022-10-18 01:53:00.677000+00:00,2022-10-18 01:53:35.096000+00:00,57,-0.5052632429461913,-0.1689400376406993
571,3.160697890625,7.82313375,2022-10-18 01:53:52.166000+00:00,2022-10-18 01:54:24.680000+00:00,58,-0.42177803679127174,0.5639240425543125
572,3.6714984375,7.986115000000001,2022-10-18 01:54:47.221000+00:00,2022-10-18 01:55:20.317000+00:00,58,1.258910176866159,0.6975840614046341
573,3.41802140625,7.49744125,2022-10-18 01:58:22.091000+00:00,2022-10-18 01:58:55.142000+00:00,58,0.4248941182282983,0.296825430355619
574,2.957176176470588,6.25614375,2022-10-18 02:02:54.172000+00:00,2022-10-18 02:03:24.906000+00:00,58,-1.0914260007477057,-0.7211557622592161
575,3.3658823611111117,8.40234375,2022-10-18 02:04:15.458000+00:00,2022-10-18 02:04:47.778000+00:00,58,0.25334089814584965,1.0389309499028236
576,3.7216513888888887,6.90482,2022-10-18 02:05:10.722000+00:00,2022-10-18 02:05:43.253000+00:00,58,1.4239285481171724,-0.1891799687077756
577,3.85888875,9.905695,2022-10-18 02:06:05.480000+00:00,2022-10-18 02:06:37.893000+00:00,58,1.8754809528747534,2.2718209689304967
578,3.981908421052632,10.24013,2022-10-18 02:07:13.690000+00:00,2022-10-18 02:07:48.003000+00:00,58,2.280252859348004,2.546089256872866
579,3.087414044117647,6.28315625,2022-10-18 02:08:04.947000+00:00,2022-10-18 02:08:39.415000+00:00,58,-0.662904045425966,-0.6990029608836322
580,3.0887294852941176,6.659415,2022-10-18 02:09:05.938000+00:00,2022-10-18 02:09:40.154000+00:00,58,-0.65857584629897,-0.3904352476184666
581,3.67798453125,6.442641250000001,2022-10-18 02:09:57.081000+00:00,2022-10-18 02:10:29.820000+00:00,59,1.2802513860426046,-0.5682101972599417
582,3.726465069444444,7.96938125,2022-10-18 02:10:46.853000+00:00,2022-10-18 02:11:19.337000+00:00,59,1.4397670123152417,0.6838608058740948
583,3.078509791666667,5.1970825000000005,2022-10-18 02:11:41.864000+00:00,2022-10-18 02:12:14.471000+00:00,59,-0.6922017277353297,-1.5896860173569323
584,3.2702068421052632,7.39791,2022-10-18 02:12:33.285000+00:00,2022-10-18 02:13:07.706000+00:00,59,-0.0614604819866528,0.21520040446340175
585,3.284989921875,8.03348125,2022-10-18 02:13:34.349000+00:00,2022-10-18 02:14:02.716000+00:00,59,-0.012819680635604166,0.7364288602257799
586,3.448897794117647,6.504750000000002,2022-10-18 02:14:27.346000+00:00,2022-10-18 02:15:01.784000+00:00,59,0.5264867682106577,-0.5172751559851324
587,3.110213161764706,5.6614775,2022-10-18 02:15:17.050000+00:00,2022-10-18 02:15:51.211000+00:00,59,-0.5878880562191695,-1.2088382544762641
588,3.570441875,9.55962625,2022-10-18 02:16:08.236000+00:00,2022-10-18 02:16:40.913000+00:00,59,0.92640353695442,1.9880119071610787
589,3.281311458333333,6.557264999999999,2022-10-18 02:17:10.849000+00:00,2022-10-18 02:17:43.190000+00:00,59,-0.024922937683135596,-0.4742078958559812
590,3.2253153289473686,6.32977875,2022-10-18 02:18:02.365000+00:00,2022-10-18 02:18:36.816000+00:00,59,-0.20916713093075487,-0.6607681073109111
591,3.619869305555556,11.0169075,2022-10-18 02:18:59.155000+00:00,2022-10-18 02:19:31.585000+00:00,60,1.0890347253396246,3.1831201748005746
592,3.47914921875,5.934570000000001,2022-10-18 02:19:50.503000+00:00,2022-10-18 02:20:22.753000+00:00,60,0.6260231002232073,-0.9848766104351157
593,3.109604375,6.0573675,2022-10-18 02:20:43.588000+00:00,2022-10-18 02:21:16.378000+00:00,60,-0.5898911487106158,-0.8841710620068628
594,3.3325818382352943,6.993482499999999,2022-10-18 02:21:39.111000+00:00,2022-10-18 02:22:13.269000+00:00,60,0.14377211117328584,-0.11646834438708553
595,3.099712152777778,7.375593749999999,2022-10-18 02:22:34.083000+00:00,2022-10-18 02:23:06.423000+00:00,60,-0.622439550229531,0.19689897165644615
596,3.402110197368421,8.471005,2022-10-18 02:23:23.257000+00:00,2022-10-18 02:23:57.877000+00:00,60,0.3725414310671101,1.0952396600721628
597,3.0885138970588235,7.253057499999999,2022-10-18 02:24:14.926000+00:00,2022-10-18 02:24:49.417000+00:00,60,-0.6592851967651719,0.09640767290368941
598,3.65898705882353,7.763695,2022-10-18 02:25:19.322000+00:00,2022-10-18 02:25:54.004000+00:00,60,1.2177439588446777,0.5151786534654478
599,3.118416470588236,5.123794999999999,2022-10-18 02:26:18.359000+00:00,2022-10-18 02:26:53.206000+00:00,60,-0.5608966903385991,-1.6497886894832845
600,3.280301328125,6.81272125,2022-10-18 02:27:10.257000+00:00,2022-10-18 02:27:42.612000+00:00,60,-0.02824657142979246,-0.26470964258799806
601,3.0868877631578946,8.4016875,2022-10-18 02:28:03.281000+00:00,2022-10-18 02:28:41.471000+00:00,61,-0.6646356688777024,1.0383927629189185
602,3.224249671052631,6.40914125,2022-10-18 02:28:54.590000+00:00,2022-10-18 02:29:29.116000+00:00,61,-0.2126734675516405,-0.5956833613906984
603,3.4991132894736845,7.0612,2022-10-18 02:29:47.725000+00:00,2022-10-18 02:30:22.455000+00:00,61,0.6917109280205628,-0.06093359835650338
604,3.107493088235294,8.834386249999998,2022-10-18 02:30:48.665000+00:00,2022-10-18 02:31:19.065000+00:00,61,-0.5968379204061453,1.393246607036019
605,3.4968649305555557,9.84813,2022-10-18 02:31:58.779000+00:00,2022-10-18 02:32:31.155000+00:00,61,0.6843131475035122,2.2246122318204375
606,3.2628550694444445,9.11679625,2022-10-18 02:33:16.544000+00:00,2022-10-18 02:33:49.437000+00:00,61,-0.08565003647346646,1.6248494811305516
607,3.1929346527777778,6.885963749999999,2022-10-18 02:35:16.550000+00:00,2022-10-18 02:35:49.546000+00:00,61,-0.31570934417119434,-0.20464387471197218
608,3.825435,9.08475375,2022-10-18 02:36:06.560000+00:00,2022-10-18 02:36:39.263000+00:00,61,1.765408002343239,1.598571604663097
609,3.2939275,6.73696125,2022-10-18 02:38:03.971000+00:00,2022-10-18 02:38:36.989000+00:00,61,0.016587653215599366,-0.3268399982460895
610,3.05291359375,6.187606249999999,2022-10-18 02:38:57.821000+00:00,2022-10-18 02:39:30.363000+00:00,61,-0.7764209565833994,-0.7773629857401624
631,3.42440171875,7.4313225,2022-10-18 03:06:13.078000+00:00,2022-10-18 03:06:44.957000+00:00,64,0.4458872751146898,0.2426018103296369
632,2.909240625,6.28479625,2022-10-18 03:07:03.901000+00:00,2022-10-18 03:07:36.706000+00:00,64,-1.2491484559499744,-0.6976580059829026
633,3.540455703125,6.40754125,2022-10-18 03:09:05.390000+00:00,2022-10-18 03:09:38.377000+00:00,64,0.8277399666991762,-0.5969955125133612
634,3.418587443181818,7.4208025,2022-10-18 06:04:03.737000+00:00,2022-10-18 06:04:44.470000+00:00,64,0.4267565508463165,0.23397441669812746
635,2.79208421875,5.7380812500000005,2022-10-18 06:05:01.424000+00:00,2022-10-18 06:05:34.378000+00:00,64,-1.6346284487641198,-1.1460159441245805
636,3.346566381578947,6.41083625,2022-10-18 06:07:23.632000+00:00,2022-10-18 06:07:58.050000+00:00,64,0.1897854862858421,-0.5942933012951276
637,3.649537847222222,8.284523750000002,2022-10-18 06:09:30.620000+00:00,2022-10-18 06:10:02.846000+00:00,64,1.1866531961901907,0.9423074216077306
638,3.4961297222222223,7.012080000000002,2022-10-18 06:11:55.441000+00:00,2022-10-18 06:12:28.167000+00:00,64,0.6818940898341818,-0.10121663782225529
639,3.655860661764706,6.7589325,2022-10-18 06:14:15.414000+00:00,2022-10-18 06:14:49.888000+00:00,64,1.2074571674147838,-0.308821498024959
640,2.9508252777777777,6.61709375,2022-10-18 06:16:20.600000+00:00,2022-10-18 06:16:56.770000+00:00,64,-1.112322377316681,-0.42514266993096644
641,3.2714654861111105,9.3789725,2022-10-18 06:34:20.653000+00:00,2022-10-18 06:34:53.440000+00:00,65,-0.057319162720728456,1.839858769113718
642,2.8086246323529416,6.87414125,2022-10-18 06:35:17.897000+00:00,2022-10-18 06:35:48.347000+00:00,65,-1.5802054878617582,-0.21433944136677333
643,3.362729140625,6.010644999999999,2022-10-18 06:36:05.330000+00:00,2022-10-18 06:36:37.660000+00:00,65,0.2429658495314869,-0.9224879250247511
644,3.85496484375,8.13230875,2022-10-18 06:37:02.316000+00:00,2022-10-18 06:37:34.737000+00:00,65,1.862570115119746,0.8174767446476393
645,3.617647763157895,7.729506249999999,2022-10-18 06:37:51.717000+00:00,2022-10-18 06:38:30.003000+00:00,65,1.0817251792815175,0.4871406492811072
646,3.333696597222222,7.477903749999999,2022-10-18 06:38:43.380000+00:00,2022-10-18 06:39:16.228000+00:00,65,0.14744000523068346,0.28080283500622644
647,3.5598179411764708,7.095271250000001,2022-10-18 06:39:35.014000+00:00,2022-10-18 06:40:05.785000+00:00,65,0.8914475830715987,-0.03299195527023403
648,2.9978429411764704,7.743246249999999,2022-10-18 06:40:22.630000+00:00,2022-10-18 06:40:57.213000+00:00,65,-0.957620051347494,0.4984087470469757
649,3.292817058823529,6.039355,2022-10-18 06:41:12.306000+00:00,2022-10-18 06:41:46.713000+00:00,65,0.012933966059873705,-0.8989430133174672
650,3.653401315789474,7.707145000000001,2022-10-18 06:42:03.740000+00:00,2022-10-18 06:42:37.651000+00:00,65,1.1993651756987105,0.4688023122238288
651,3.120604605263158,7.363006250000001,2022-10-18 06:42:53.066000+00:00,2022-10-18 06:43:27.570000+00:00,66,-0.5536970657874202,0.1865760327461222
652,3.3531576973684207,6.944311249999999,2022-10-18 06:50:28.871000+00:00,2022-10-18 06:51:03.643000+00:00,66,0.21147290778066258,-0.1567934136934862
653,3.326429375,7.168112499999999,2022-10-18 06:51:20.549000+00:00,2022-10-18 06:51:53.080000+00:00,66,0.12352864724635666,0.02674474970706125
654,3.3227549264705885,6.96647,2022-10-18 06:52:09.910000+00:00,2022-10-18 06:52:44.487000+00:00,66,0.11143860080287829,-0.13862114576266793
655,3.4219911111111108,8.971681250000001,2022-10-18 07:00:12.549000+00:00,2022-10-18 07:00:44.533000+00:00,66,0.4379556472587291,1.5058414747772797
656,2.7081461666666664,5.233445,2022-10-18 07:01:07.775000+00:00,2022-10-18 07:01:34.518000+00:00,66,-1.910810014498318,-1.5598653328582877
657,3.393858333333333,7.409739999999999,2022-10-18 07:02:25.457000+00:00,2022-10-18 07:02:57.988000+00:00,66,0.3453903038623269,0.22490212182659017
658,2.931635625,6.909995,2022-10-18 07:03:48.810000+00:00,2022-10-18 07:04:24.830000+00:00,66,-1.1754621359663164,-0.18493597992041225
659,3.064770069444444,6.555271250000001,2022-10-18 07:04:38.140000+00:00,2022-10-18 07:05:10.486000+00:00,66,-0.7374095673492284,-0.4758429591689852
660,2.976385,6.088945000000001,2022-10-18 07:05:29.206000+00:00,2022-10-18 07:06:02.025000+00:00,66,-1.0282231645298956,-0.858274529459431
661,3.474876470588235,7.4474525,2022-10-18 07:06:18.925000+00:00,2022-10-18 07:06:53.299000+00:00,67,0.6119644671239716,0.2558299338349826
662,3.3614130147058825,7.334336250000001,2022-10-18 07:07:10.096000+00:00,2022-10-18 07:07:44.534000+00:00,67,0.23863539739418513,0.16306392481690515
663,3.554185902777778,8.8145675,2022-10-18 07:08:01.753000+00:00,2022-10-18 07:08:34.004000+00:00,67,0.8729164741809385,1.3769933601220985
664,3.294110460526316,6.692883750000002,2022-10-18 07:08:52.756000+00:00,2022-10-18 07:09:27.240000+00:00,67,0.01718964865594297,-0.36298771143932385
665,3.081908472222222,7.28913375,2022-10-18 07:09:55.300000+00:00,2022-10-18 07:10:28.011000+00:00,67,-0.6810190412901913,0.1259936053655469
666,3.0530147916666666,6.200047499999999,2022-10-18 07:10:54.327000+00:00,2022-10-18 07:11:26.596000+00:00,67,-0.7760879848455486,-0.767159985643393
667,3.402969191176471,5.65031625,2022-10-18 07:11:43.651000+00:00,2022-10-18 07:12:17.877000+00:00,67,0.3753677803684687,-1.2179915336749028
668,3.6010367647058823,7.064240000000001,2022-10-18 07:12:34.519000+00:00,2022-10-18 07:13:09.096000+00:00,67,1.0270699728879908,-0.05844051122344344
669,3.1119579166666664,8.3147675,2022-10-18 07:14:04.844000+00:00,2022-10-18 07:14:37.154000+00:00,67,-0.5821472851542482,0.9671101531802533
670,3.2321415625,6.40649375,2022-10-18 07:14:57.964000+00:00,2022-10-18 07:15:30.759000+00:00,67,-0.1867067589797676,-0.59785456145148
681,3.0111331944444446,5.59060125,2022-10-18 07:25:10.378000+00:00,2022-10-18 07:25:43.238000+00:00,69,-0.9138911004670391,-1.2669634738560402
682,3.032437352941177,7.66260125,2022-10-18 07:26:34.174000+00:00,2022-10-18 07:27:08.690000+00:00,69,-0.8437939787893091,0.43227222999250403
683,3.282921597222222,7.4146375,2022-10-18 07:27:25.683000+00:00,2022-10-18 07:27:58.457000+00:00,69,-0.01962509399549174,0.22891853440361726
684,3.627777039473684,9.0855975,2022-10-18 07:28:15.190000+00:00,2022-10-18 07:28:49.690000+00:00,69,1.115053560429457,1.5992635593566884
685,2.7748235294117647,5.3218362500000005,2022-10-18 07:29:08.799000+00:00,2022-10-18 07:29:39.369000+00:00,69,-1.6914213345741531,-1.4873761591576102
686,3.63158015625,7.75124,2022-10-18 07:29:56.228000+00:00,2022-10-18 07:30:28.924000+00:00,69,1.1275669643015198,0.5049643770699682
687,3.728312794117647,8.624238750000002,2022-10-18 07:30:47.846000+00:00,2022-10-18 07:31:22.231000+00:00,69,1.4458465850551985,1.2209058082548871
688,3.1135524305555555,8.4241975,2022-10-18 07:31:48.575000+00:00,2022-10-18 07:32:25.146000+00:00,69,-0.5769008524400232,1.0568530890258836
689,2.958263815789474,6.2576475,2022-10-18 07:32:38.299000+00:00,2022-10-18 07:33:13.033000+00:00,69,-1.0878473385964116,-0.7199225452275255
690,3.716557430555556,7.83947375,2022-10-18 07:33:29.737000+00:00,2022-10-18 07:34:02.220000+00:00,69,1.4071678853025544,0.5773243858945077
691,3.410530703125,7.9984600000000015,2022-10-18 07:35:11.920000+00:00,2022-10-18 07:35:44.519000+00:00,70,0.40024744051580396,0.7077081274104312
692,3.6494721052631576,6.3905287500000005,2022-10-18 07:36:01.408000+00:00,2022-10-18 07:36:35.836000+00:00,70,1.1864368852711467,-0.610947369372301
693,3.1664544736842104,6.288052499999999,2022-10-18 07:36:54.631000+00:00,2022-10-18 07:37:28.925000+00:00,70,-0.40283713831779605,-0.6949875734246715
694,3.2146194852941177,6.123805,2022-10-18 07:37:47.720000+00:00,2022-10-18 07:38:20.596000+00:00,70,-0.24435968989162174,-0.8296860368744121
695,3.489005859375,8.689417500000001,2022-10-18 07:38:37.776000+00:00,2022-10-18 07:39:09.972000+00:00,70,0.6584544275309849,1.2743585394963046
696,3.286338161764706,6.97298625,2022-10-18 07:39:26.941000+00:00,2022-10-18 07:40:01.291000+00:00,70,-0.00838356382704838,-0.13327720529201026
697,3.3901694736842103,6.578986250000001,2022-10-18 07:40:25.851000+00:00,2022-10-18 07:41:04.103000+00:00,70,0.3332528404785327,-0.45639441924776564
698,2.9602398026315786,5.447367500000001,2022-10-18 07:41:17.337000+00:00,2022-10-18 07:41:52.071000+00:00,70,-1.0813457445472565,-1.3844286775221184
699,3.358596315789473,6.371644999999999,2022-10-18 07:42:08.741000+00:00,2022-10-18 07:42:43.051000+00:00,70,0.2293676064742406,-0.626433827973919
700,3.777618958333333,6.188875,2022-10-18 07:43:09.334000+00:00,2022-10-18 07:43:41.987000+00:00,70,1.6080787705235517,-0.7763224909046121
701,3.76955515625,9.091865,2022-10-18 07:44:00.997000+00:00,2022-10-18 07:44:33.330000+00:00,71,1.5815464239909616,1.6044035013324947
702,2.710585390625,4.984507499999999,2022-10-18 07:44:57.929000+00:00,2022-10-18 07:45:30.503000+00:00,71,-1.9027842303007039,-1.7640175954194834
703,3.00565875,6.163843750000001,2022-10-18 07:45:47.460000+00:00,2022-10-18 07:46:25.501000+00:00,71,-0.9319036776077452,-0.7968504801478352
704,3.529429609375,7.557855,2022-10-18 07:46:59.313000+00:00,2022-10-18 07:47:32.355000+00:00,71,0.7914607850857671,0.3463704115348567
705,3.38804611111111,7.273205,2022-10-18 07:48:32.894000+00:00,2022-10-18 07:49:05.470000+00:00,71,0.32626633572288305,0.1129305258685979
706,3.100947890625,5.444543749999999,2022-10-18 07:49:26.023000+00:00,2022-10-18 07:49:59.064000+00:00,71,-0.6183735991499892,-1.3867444192300071
707,2.7260658088235297,5.39405875,2022-10-18 07:50:17.690000+00:00,2022-10-18 07:50:52.237000+00:00,71,-1.8518489747142923,-1.4281468876222816
708,3.2790057638888888,5.870216249999999,2022-10-18 07:51:10.965000+00:00,2022-10-18 07:51:47.080000+00:00,71,-0.032509369414230466,-1.0376527637539126
709,3.741105460526315,7.06865,2022-10-18 07:52:04.043000+00:00,2022-10-18 07:52:38.581000+00:00,71,1.4879383247485802,-0.054823894691604334
710,3.87999125,8.11006,2022-10-18 07:53:31.121000+00:00,2022-10-18 07:54:03.877000+00:00,71,1.9449145571370927,0.7992306682161726
711,3.2842588157894737,6.77872,2022-10-18 07:54:24.565000+00:00,2022-10-18 07:55:02.611000+00:00,72,-0.01522524066954392,-0.2925938790626509
712,2.9633969444444443,7.071455,2022-10-18 07:55:15.769000+00:00,2022-10-18 07:55:48.314000+00:00,72,-1.0709577935824603,-0.0525235297546855
713,3.107680277777778,8.03866125,2022-10-18 07:56:05.290000+00:00,2022-10-18 07:56:37.737000+00:00,72,-0.5962220102241823,0.7406769494854021
714,2.78160953125,5.188510000000001,2022-10-18 07:56:56.883000+00:00,2022-10-18 07:57:29.565000+00:00,72,-1.6690933371255312,-1.5967162770438246
715,3.06553390625,6.791329999999999,2022-10-18 08:02:09.800000+00:00,2022-10-18 08:02:42.909000+00:00,72,-0.7348963133519301,-0.28225248802716374
716,3.784838402777778,9.472695000000002,2022-10-18 08:03:01.758000+00:00,2022-10-18 08:03:37.683000+00:00,72,1.6318329251758223,1.9167200713598322
717,3.934724407894737,8.706247500000002,2022-10-18 08:03:49.185000+00:00,2022-10-18 08:04:23.549000+00:00,72,2.125003192383694,1.2881607291178163
718,3.1079277777777774,6.44735125,2022-10-18 08:04:42.322000+00:00,2022-10-18 08:05:14.549000+00:00,72,-0.5954076604052085,-0.5643475523926039
719,2.940841015625,5.926427500000001,2022-10-18 08:05:31.490000+00:00,2022-10-18 08:06:04.284000+00:00,72,-1.145173618030692,-0.9915542295077927
720,3.5723922058823527,6.31289,2022-10-18 08:06:21.253000+00:00,2022-10-18 08:06:55.706000+00:00,72,0.932820715140222,-0.6746184774814572
721,3.2550673684210527,6.2229487500000005,2022-10-18 08:09:25.319000+00:00,2022-10-18 08:09:59.753000+00:00,73,-0.11127392705380572,-0.7483787975822137
722,3.2727202083333333,8.375182500000001,2022-10-18 08:10:16.679000+00:00,2022-10-18 08:10:49.221000+00:00,73,-0.05319074730847961,1.016656159477556
723,3.359384652777778,9.1363775,2022-10-18 08:11:15.377000+00:00,2022-10-18 08:11:47.893000+00:00,73,0.23196147347916052,1.6409079556122041
724,3.0933141911764706,6.9921862500000005,2022-10-18 08:12:48.113000+00:00,2022-10-18 08:13:22.486000+00:00,73,-0.6434907779945265,-0.11753139182005418
725,3.02453453125,5.64275125,2022-10-18 08:13:54.540000+00:00,2022-10-18 08:14:27.137000+00:00,73,-0.8697966511675118,-1.224195548201744
726,3.065793828125,6.443924999999999,2022-10-18 08:16:02.518000+00:00,2022-10-18 08:16:34.863000+00:00,73,-0.7340410918090866,-0.5671574010076192
727,3.3905779411764705,6.854106250000001,2022-10-18 08:17:10.705000+00:00,2022-10-18 08:17:45.203000+00:00,73,0.33459682200733853,-0.230770033705868
728,3.464318289473684,7.80697875,2022-10-18 08:18:02.119000+00:00,2022-10-18 08:18:36.440000+00:00,73,0.5772248595306603,0.5506754166876745
729,4.065118618421052,8.438593749999999,2022-10-18 08:19:04.893000+00:00,2022-10-18 08:19:39.176000+00:00,73,2.554039563040464,1.0686593737756556
730,2.9343883552631578,4.91370375,2022-10-18 08:19:58.161000+00:00,2022-10-18 08:20:32.719000+00:00,73,-1.166404821253223,-1.8220833579515132
731,3.581694513888889,10.2292575,2022-10-18 08:21:17.493000+00:00,2022-10-18 08:21:49.961000+00:00,74,0.9634281205591173,2.537172779947144
732,2.9332227631578944,5.76157125,2022-10-18 08:22:08.919000+00:00,2022-10-18 08:22:43.318000+00:00,74,-1.1702399716367398,-1.126751925454985
733,3.239085294117647,6.2848137500000005,2022-10-18 08:24:38.638000+00:00,2022-10-18 08:25:13.474000+00:00,74,-0.16385978287534358,-0.6976436543299983
734,3.842215394736842,8.364599999999998,2022-10-18 08:25:38.002000+00:00,2022-10-18 08:26:15.898000+00:00,74,1.8206205737221623,1.007977509942815
735,3.6012949342105265,6.40141,2022-10-18 08:26:31.235000+00:00,2022-10-18 08:27:05.641000+00:00,74,1.027919428602625,-0.6020237166201284
736,3.3657625657894736,7.530303749999999,2022-10-18 08:27:25.996000+00:00,2022-10-18 08:28:00.360000+00:00,74,0.2529467353236675,0.3237757842734383
737,3.3275585294117644,6.302867500000001,2022-10-18 08:28:15.359000+00:00,2022-10-18 08:28:49.855000+00:00,74,0.12724390660318768,-0.6828378741232622
738,3.361770078125,7.981642500000001,2022-10-18 08:29:08.793000+00:00,2022-10-18 08:29:41.274000+00:00,74,0.2398102439829578,0.6939161889695658
739,3.368430460526316,7.711275,2022-10-18 08:30:59.097000+00:00,2022-10-18 08:31:37.150000+00:00,74,0.2617249155094976,0.4721893023092018
740,3.4087147368421054,8.425281250000001,2022-10-18 08:31:48.464000+00:00,2022-10-18 08:32:22.813000+00:00,74,0.3942723624804875,1.0577418663878757
741,3.2319715277777776,6.27284375,2022-10-18 08:32:41.667000+00:00,2022-10-18 08:33:13.924000+00:00,75,-0.1872662246171866,-0.7074601849164213
742,3.462232890625,6.6151,2022-10-18 08:33:32.534000+00:00,2022-10-18 08:34:05.304000+00:00,75,0.5703632669047314,-0.4267777332439726
743,3.723299411764706,7.8359275,2022-10-18 08:34:22.348000+00:00,2022-10-18 08:34:56.426000+00:00,75,1.429351041574098,0.5744161259452935
744,3.4766877083333334,6.751552500000001,2022-10-18 08:35:15.300000+00:00,2022-10-18 08:35:47.674000+00:00,75,0.617923986840506,-0.31487379507824154
745,3.207943680555556,7.717071250000001,2022-10-18 08:36:06.613000+00:00,2022-10-18 08:36:39.144000+00:00,75,-0.2663251055698561,0.4769427747746624
746,3.280153235294118,6.94836,2022-10-18 08:37:00.081000+00:00,2022-10-18 08:37:30.752000+00:00,75,-0.02873384161169389,-0.15347305628230945
747,3.497508529411764,6.743856249999999,2022-10-18 08:37:47.498000+00:00,2022-10-18 08:38:22.315000+00:00,75,0.6864307822996579,-0.3211854470018644
748,3.697880390625,10.08263125,2022-10-18 08:38:45.190000+00:00,2022-10-18 08:39:17.721000+00:00,75,1.3457147778825729,2.4169254058537946
749,3.14528796875,6.317668750000001,2022-10-18 08:39:57.237000+00:00,2022-10-18 08:40:30.190000+00:00,75,-0.47248133816230975,-0.6706994511205655
750,3.0391725,7.39322,2022-10-18 08:41:11.580000+00:00,2022-10-18 08:41:44.174000+00:00,75,-0.8216333089382976,0.21135416148509586
751,2.593026985294118,5.668656250000001,2022-10-18 08:41:59.146000+00:00,2022-10-18 08:42:33.415000+00:00,76,-2.289586921614828,-1.2029510014313782
752,2.9399727083333334,5.952903750000001,2022-10-18 08:42:56.206000+00:00,2022-10-18 08:43:32.533000+00:00,76,-1.148030611508607,-0.9698412037819143
753,3.251814411764706,7.448899999999999,2022-10-18 08:59:07.352000+00:00,2022-10-18 08:59:41.689000+00:00,76,-0.12197713781837548,0.25701702055376624
754,3.489264802631579,7.674167499999999,2022-10-18 09:00:10.094000+00:00,2022-10-18 09:00:48.175000+00:00,76,0.6593064291233881,0.44175764744406654
755,3.6141710416666655,6.8718537500000005,2022-10-18 09:01:01.316000+00:00,2022-10-18 09:01:34.066000+00:00,76,1.0702857145663225,-0.21621540742495518
756,3.2820386805555555,6.79636125,2022-10-18 09:01:52.658000+00:00,2022-10-18 09:02:25.111000+00:00,76,-0.022530156733553096,-0.2781263878172267
757,3.364652109375,8.320297499999999,2022-10-18 09:02:44.167000+00:00,2022-10-18 09:03:16.296000+00:00,76,0.2492929980303075,0.971645275497956
758,3.939224140625,8.521505000000003,2022-10-18 09:03:37.112000+00:00,2022-10-18 09:04:09.780000+00:00,76,2.139808673330471,1.1366544298812151
759,3.907559513888889,8.08803125,2022-10-18 09:04:28.474000+00:00,2022-10-18 09:05:04.940000+00:00,76,2.035622479187129,0.7811650125640711
760,3.112977875,5.83338,2022-10-18 09:05:18.107000+00:00,2022-10-18 09:05:54.303000+00:00,76,-0.5787913139053084,-1.0678619679990324
761,3.615127361111112,7.886304999999999,2022-10-18 09:06:20.792000+00:00,2022-10-18 09:06:53.627000+00:00,77,1.0734322946328585,0.6157304341840136
762,3.313618125,6.43169,2022-10-18 09:07:12.347000+00:00,2022-10-18 09:07:45.141000+00:00,77,0.08137576191969359,-0.5771912566237323
763,3.173064140625,7.673909999999999,2022-10-18 09:08:01.911000+00:00,2022-10-18 09:08:34.331000+00:00,77,-0.38108933598761363,0.44154647312276296
764,3.942787565789473,7.90382375,2022-10-18 09:09:38.499000+00:00,2022-10-18 09:10:12.632000+00:00,77,2.151533419341062,0.6300974638591091
765,3.1368419078947367,6.566335,2022-10-18 09:10:28.034000+00:00,2022-10-18 09:11:02.565000+00:00,77,-0.5002714316109529,-0.46676963917938524
766,3.571927890625,7.70225,2022-10-18 09:11:19.596000+00:00,2022-10-18 09:11:52.118000+00:00,77,0.9312929775815445,0.46478794988293154
767,3.110367132352941,6.427857500000001,2022-10-18 09:12:09.060000+00:00,2022-10-18 09:12:43.127000+00:00,77,-0.5873814464387377,-0.5803342686097349
768,3.118049861111111,7.74704625,2022-10-18 09:13:00.112000+00:00,2022-10-18 09:13:32.503000+00:00,77,-0.5621029463439781,0.501525105963301
769,3.347158947368421,5.57158625,2022-10-18 09:13:49.579000+00:00,2022-10-18 09:14:23.738000+00:00,77,0.19173520686519266,-1.2825575698544376
770,3.4167905921052637,8.779357500000001,2022-10-18 09:14:54.134000+00:00,2022-10-18 09:15:28.451000+00:00,77,0.42084436761836586,1.3481178344789972
771,2.721252708333333,5.262581250000001,2022-10-18 09:15:49.378000+00:00,2022-10-18 09:16:22.143000+00:00,78,-1.867685530321978,-1.535970855890981
772,3.46027578125,6.5485775,2022-10-18 09:16:40.954000+00:00,2022-10-18 09:17:13.284000+00:00,78,0.5639237854289879,-0.48133246640481436
773,3.04305265625,7.885678749999999,2022-10-18 09:17:37.846000+00:00,2022-10-18 09:18:10.428000+00:00,78,-0.8088664219088669,0.6152168500336589
774,3.3177115441176466,6.362739999999999,2022-10-18 09:18:31.162000+00:00,2022-10-18 09:19:05.461000+00:00,78,0.09484434825280891,-0.6337367690659903
775,3.4320833552631576,6.618673749999999,2022-10-18 09:19:22.448000+00:00,2022-10-18 09:19:56.504000+00:00,78,0.47116218139317473,-0.4238469206973377
776,3.582563026315789,8.00979125,2022-10-18 09:20:28.678000+00:00,2022-10-18 09:21:03.304000+00:00,78,0.9662857889939619,0.7170008226658511
777,3.238000138888889,6.846875,2022-10-18 09:21:20.117000+00:00,2022-10-18 09:21:52.560000+00:00,78,-0.1674302716191795,-0.2367003417094668
778,3.226197205882353,6.64650125,2022-10-18 09:22:09.561000+00:00,2022-10-18 09:22:44.128000+00:00,78,-0.2062654892242373,-0.40102574234364724
779,3.4410153676470587,7.7037375,2022-10-18 09:23:01.036000+00:00,2022-10-18 09:23:35.231000+00:00,78,0.5005512022736448,0.46600784037978193
780,3.121343046875,6.223396249999999,2022-10-18 09:24:03.456000+00:00,2022-10-18 09:24:36.455000+00:00,78,-0.5512673696543803,-0.7480118053150955
781,3.234807960526316,5.534794999999999,2022-10-18 09:24:55.173000+00:00,2022-10-18 09:25:33.377000+00:00,79,-0.17793350342402262,-1.312729869849235
782,3.322124605263157,8.60845375,2022-10-18 09:25:44.643000+00:00,2022-10-18 09:26:19.190000+00:00,79,0.10936465348502704,1.2079606173353643
783,3.1583804605263155,5.61324375,2022-10-18 09:26:43.428000+00:00,2022-10-18 09:27:17.909000+00:00,79,-0.4294030823724913,-1.2483944852342301
784,2.854288671875,5.01342125,2022-10-18 09:27:34.962000+00:00,2022-10-18 09:28:07.674000+00:00,79,-1.4299569936456944,-1.7403055894676724
785,3.420077573529412,7.04658875,2022-10-18 09:28:24.751000+00:00,2022-10-18 09:28:58.976000+00:00,79,0.43165953015465197,-0.07291620341338471
786,3.25213125,8.5833225,2022-10-18 09:29:16.027000+00:00,2022-10-18 09:29:52.049000+00:00,79,-0.12093464424441028,1.1873506186469736
787,3.1324036842105265,7.610382500000001,2022-10-18 09:30:05.378000+00:00,2022-10-18 09:30:39.205000+00:00,79,-0.5148745292021009,0.3894479228446569
788,3.5773076388888887,8.37234,2022-10-18 09:30:56.597000+00:00,2022-10-18 09:31:29.159000+00:00,79,0.9489939756616704,1.0143250409986988
789,3.3697825000000003,5.597830000000001,2022-10-18 09:31:45.997000+00:00,2022-10-18 09:32:18.769000+00:00,79,0.26617353409795286,-1.2610352160885705
790,3.547181176470588,7.60507625,2022-10-18 09:32:45.160000+00:00,2022-10-18 09:33:19.606000+00:00,79,0.8498688071092921,0.385096296660512
791,2.8463219444444445,6.344942500000001,2022-10-18 09:33:36.738000+00:00,2022-10-18 09:34:12.596000+00:00,80,-1.4561699352250865,-0.6483324000694848
792,3.3353277777777777,7.33842875,2022-10-18 09:34:27.674000+00:00,2022-10-18 09:35:00.346000+00:00,80,0.15280708236253368,0.16642016136034118
793,3.699015808823529,6.973313750000001,2022-10-18 09:40:05.285000+00:00,2022-10-18 09:40:39.597000+00:00,80,1.349450646991396,-0.13300862435908942
794,3.4954247916666668,6.49925125,2022-10-18 09:40:56.435000+00:00,2022-10-18 09:41:28.975000+00:00,80,0.679574655206679,-0.5217846503512232
795,3.5325839583333334,9.6541725,2022-10-18 09:41:57.416000+00:00,2022-10-18 09:42:30.096000+00:00,80,0.8018395467148743,2.0655487622117485
796,3.059789513888889,6.845726249999999,2022-10-18 09:42:54.566000+00:00,2022-10-18 09:43:26.864000+00:00,80,-0.7537971007434241,-0.2376424252108166
797,3.5095485294117643,7.52611125,2022-10-18 09:43:43.761000+00:00,2022-10-18 09:44:18.223000+00:00,80,0.7260460219783027,0.320337538284836
798,3.2780425,7.0853425,2022-10-18 09:44:33.205000+00:00,2022-10-18 09:45:07.628000+00:00,80,-0.035678798802278894,-0.04113446805719672
799,3.411980065789473,7.06806875,2022-10-18 09:46:15.983000+00:00,2022-10-18 09:46:50.126000+00:00,80,0.40501628182264626,-0.05530057459163404
800,3.0317639583333333,5.886022499999999,2022-10-18 09:47:24.018000+00:00,2022-10-18 09:47:56.447000+00:00,80,-0.8460096506155577,-1.0246901458272921
821,3.4958260416666667,7.1935287500000005,2022-10-18 10:07:46.675000+00:00,2022-10-18 10:08:19.332000+00:00,83,0.6808948890041087,0.047588475314176266
822,3.7623230921052633,7.61305625,2022-10-18 10:08:39.873000+00:00,2022-10-18 10:09:14.112000+00:00,83,1.5577507467098093,0.3916406503847934
823,2.7944827941176467,5.34811625,2022-10-18 10:09:40.593000+00:00,2022-10-18 10:10:11.587000+00:00,83,-1.6267364107178892,-1.465824076967871
824,3.974900514705882,10.88046875,2022-10-18 10:10:26.539000+00:00,2022-10-18 10:11:00.888000+00:00,83,2.2571947289848806,3.0712275129335542
825,2.980363455882353,7.47843,2022-10-18 10:11:21.743000+00:00,2022-10-18 10:11:55.927000+00:00,83,-1.015132841994155,0.2812344097114156
826,3.2782661805555557,7.611777499999999,2022-10-18 10:13:20.893000+00:00,2022-10-18 10:13:53.760000+00:00,83,-0.03494282215611732,0.3905919546047269
827,3.002129097222222,6.30102625,2022-10-18 10:14:10.781000+00:00,2022-10-18 10:14:43.452000+00:00,83,-0.9435173022567538,-0.6843478730323908
828,3.4928979166666667,6.86619,2022-10-18 10:15:09.721000+00:00,2022-10-18 10:15:42.181000+00:00,83,0.6712604725851695,-0.22086021737556996
829,2.695417205882353,5.21857125,2022-10-18 10:16:02.908000+00:00,2022-10-18 10:16:37.253000+00:00,83,-1.952692143429434,-1.5720632127087302
830,3.4893024264705885,9.908046250000002,2022-10-18 10:16:55.974000+00:00,2022-10-18 10:17:30.550000+00:00,83,0.6594302229273745,2.273749216009974
831,3.3034543750000003,7.041822500000001,2022-10-18 10:17:51.179000+00:00,2022-10-18 10:18:23.912000+00:00,84,0.047933951929344056,-0.07682497859362875
832,3.142794671052631,7.03750375,2022-10-18 10:18:46.303000+00:00,2022-10-18 10:19:24.487000+00:00,84,-0.4806850413077812,-0.0803667615067552
833,3.222737105263158,6.513027500000001,2022-10-18 10:19:37.664000+00:00,2022-10-18 10:20:12.129000+00:00,84,-0.21765026624596692,-0.510486824161482
834,3.4368296052631577,8.345836250000001,2022-10-18 10:20:32.934000+00:00,2022-10-18 10:21:07.472000+00:00,84,0.4867787786792852,0.9925894626754012
835,3.2054581578947365,7.46741125,2022-10-18 10:21:31.784000+00:00,2022-10-18 10:22:06.004000+00:00,84,-0.27450322649469566,0.27219799397213834
836,3.172495,7.305600000000001,2022-10-18 10:22:23.040000+00:00,2022-10-18 10:22:55.451000+00:00,84,-0.38296198069444365,0.13949748563026557
837,2.832186544117647,6.714262499999999,2022-10-18 10:23:12.495000+00:00,2022-10-18 10:23:47.285000+00:00,84,-1.5026796754160885,-0.3454551171808065
838,3.159530390625,7.756997499999999,2022-10-18 10:24:19.304000+00:00,2022-10-18 10:24:52.031000+00:00,84,-0.4256194647252258,0.5096860708754247
839,3.389612105263158,7.03979875,2022-10-18 10:25:08.835000+00:00,2022-10-18 10:25:43.174000+00:00,84,0.3314189298814147,-0.07848464474018538
840,3.286730657894737,7.7419675,2022-10-18 10:25:59.987000+00:00,2022-10-18 10:26:34.338000+00:00,84,-0.007092132908101664,0.49736005126691063
841,3.079938125,7.978012499999999,2022-10-18 10:27:44.291000+00:00,2022-10-18 10:28:16.894000+00:00,85,-0.6875020792850816,0.6909392461100226
842,3.0486753125,5.3798675,2022-10-18 10:28:37.638000+00:00,2022-10-18 10:29:10.077000+00:00,85,-0.7903661831236202,-1.4397850530094638
843,3.1027577777777777,6.3983725,2022-10-18 10:29:30.851000+00:00,2022-10-18 10:30:03.205000+00:00,85,-0.6124185232904722,-0.6045147535170593
844,2.918892777777778,6.89790875,2022-10-18 10:30:37.098000+00:00,2022-10-18 10:31:13.331000+00:00,85,-1.2173899554760075,-0.1948478464868408
845,3.170799097222222,6.870137499999999,2022-10-18 10:31:37.823000+00:00,2022-10-18 10:32:10.018000+00:00,85,-0.388542013502862,-0.21762289452762512
846,2.834807013888889,7.22984625,2022-10-18 10:32:32.884000+00:00,2022-10-18 10:33:05.401000+00:00,85,-1.494057537703598,0.07737225556249576
847,3.769514375,9.6239925,2022-10-18 10:33:22.325000+00:00,2022-10-18 10:33:54.993000+00:00,85,1.5814122413503346,2.040798311660519
848,3.30012875,5.80333625,2022-10-18 10:34:11.843000+00:00,2022-10-18 10:34:46.003000+00:00,85,0.03699164034659427,-1.0925006806812234
849,3.577947569444444,7.89254625,2022-10-18 10:35:01.050000+00:00,2022-10-18 10:35:37.334000+00:00,85,0.9510995406397446,0.6208488486804641
850,3.237625592105263,6.88550625,2022-10-18 10:35:52.433000+00:00,2022-10-18 10:36:26.878000+00:00,85,-0.1686626437623856,-0.20501906792360824
851,3.7749007236842105,7.4609450000000015,2022-10-18 10:36:43.479000+00:00,2022-10-18 10:37:17.830000+00:00,86,1.5991349568086193,0.2668950582240653
852,3.305606484375,7.54519875,2022-10-18 10:37:40.841000+00:00,2022-10-18 10:38:09.754000+00:00,86,0.05501504235337035,0.3359910911309797
853,3.3680193382352943,9.177575,2022-10-18 10:38:24.632000+00:00,2022-10-18 10:38:59.262000+00:00,86,0.26037219889022445,1.6746937967846456
854,3.292945486111111,7.69561,2022-10-18 10:39:16.119000+00:00,2022-10-18 10:39:52.487000+00:00,86,0.01335653065944469,0.4593425227238802
855,3.094166180555556,6.32939,2022-10-18 10:40:07.672000+00:00,2022-10-18 10:40:40.108000+00:00,86,-0.6406874753818919,-0.6610869190289955
856,3.334146805555556,7.119563750000001,2022-10-18 10:41:59.669000+00:00,2022-10-18 10:42:32.183000+00:00,86,0.148921326744832,-0.01306981080317728
857,3.0796441911764703,6.52599625,2022-10-18 10:42:47.110000+00:00,2022-10-18 10:43:21.832000+00:00,86,-0.6884692104203631,-0.49985122424146006
858,3.321602647058824,6.60423625,2022-10-18 10:43:55.666000+00:00,2022-10-18 10:44:30.329000+00:00,86,0.10764725320538464,-0.4356870343432416
