interval_id,n_points,scratch_mean_theta0,scratch_mean_theta1,scratch_peak_theta0,scratch_peak_theta1,sklearn_mean_theta0,sklearn_mean_theta1,sklearn_peak_theta0,sklearn_peak_theta1,scratch_mean_rmse,scratch_mean_mae,scratch_mean_r2,sklearn_mean_rmse,sklearn_mean_mae,sklearn_mean_r2,scratch_peak_rmse,scratch_peak_mae,scratch_peak_r2,sklearn_peak_rmse,sklearn_peak_mae,sklearn_peak_r2
1,10,0.1778398495648965,-0.1027881831679202,0.2581909768222368,-0.1541781377347817,0.1778398495648963,-0.1027881831679202,0.2581909768222362,-0.1541781377347817,0.8661128903085336,0.7239199024470837,0.10410002806468166,0.8661128903085336,0.7239199024470837,0.10410002806468166,0.6635258500453312,0.5423852212834751,0.3081665037004413,0.6635258500453312,0.5423852212834749,0.3081665037004413
2,10,-0.8404174505886411,0.0994976420066859,-0.9347661566476042,0.0731454917451849,-0.8404174505886413,0.0994976420066859,-0.9347661566476042,0.0731454917451849,0.8111921757844565,0.6196829747879712,0.1104130535998763,0.8111921757844565,0.6196829747879712,0.1104130535998763,0.5111571899057146,0.42535594494376794,0.14452057973075216,0.5111571899057146,0.42535594494376794,0.14452057973075216
3,10,0.8120685610149383,-0.0307922090965767,2.212510420766527,-0.0745607416126103,0.8120685610149372,-0.0307922090965766,2.212510420766528,-0.0745607416126104,0.7385821303546589,0.6376811122373607,0.014136915303567199,0.7385821303546589,0.6376811122373607,0.014136915303567199,0.8487666442831484,0.7158122985365144,0.05985398732861624,0.8487666442831484,0.7158122985365141,0.059853987328616354
4,10,3.709369677258554,-0.0920012692892431,5.002872161316823,-0.1245088963224272,3.7093696772585543,-0.0920012692892431,5.002872161316824,-0.1245088963224272,0.9929504126881807,0.7949056146606053,0.0661405757894955,0.9929504126881807,0.794905614660605,0.0661405757894955,1.2988826184680633,1.0425107815765506,0.07046608528112341,1.2988826184680635,1.0425107815765509,0.07046608528112319
5,10,-6.638421268842281,0.1430978771960332,-5.626308012699797,0.1138022388690396,-6.638421268842281,0.1430978771960332,-5.626308012699795,0.1138022388690395,0.7682870296766022,0.6836702736663993,0.22251741180772788,0.7682870296766022,0.6836702736663993,0.22251741180772788,0.6536918889253179,0.555040963237966,0.20002555429765412,0.6536918889253178,0.5550409632379658,0.20002555429765445
6,10,-7.841824768469322,0.1486608513520539,-6.25926636700433,0.1209325549605127,-7.841824768469324,0.1486608513520539,-6.2592663670043285,0.1209325549605127,0.78321566520135,0.7051412597649346,0.22912334583120753,0.78321566520135,0.7051412597649349,0.22912334583120753,0.6898707661577215,0.49175188841136563,0.2022437603242745,0.6898707661577215,0.49175188841136597,0.2022437603242747
7,10,-1.3282464429924254,0.0259529699257568,-3.0043433094983376,0.0503698970854888,-1.328246442992426,0.0259529699257568,-3.004343309498338,0.0503698970854888,0.6097807934429997,0.528810816991871,0.014724423859963198,0.6097807934429997,0.5288108169918708,0.014724423859963198,0.8094694650418324,0.7168044225749308,0.030955571254950853,0.8094694650418324,0.7168044225749306,0.030955571254950964
8,10,8.827535985391467,-0.1172931503398167,14.857793214955333,-0.1909811116934978,8.827535985391469,-0.1172931503398167,14.857793214955333,-0.1909811116934978,0.9134048226870406,0.6947722770675885,0.11975076737781931,0.9134048226870406,0.6947722770675885,0.11975076737781931,1.2174532666203421,0.9783700345578618,0.16875583356657975,1.2174532666203421,0.9783700345578618,0.16875583356657975
9,10,-2.426644197615537,0.0257840214366814,-0.5161368823872089,0.0032480423414626,-2.426644197615537,0.0257840214366814,-0.5161368823872095,0.0032480423414626,0.9472085100303488,0.7804601260128173,0.0060759928462053026,0.9472085100303488,0.7804601260128173,0.0060759928462053026,0.9225314532858876,0.7645576333619405,0.00010225640886618592,0.9225314532858876,0.7645576333619403,0.00010225640886618592
10,10,-12.771143502318395,0.1367615450461707,-11.533328778987846,0.1229856334561834,-12.771143502318395,0.1367615450461707,-11.533328778987846,0.1229856334561834,0.7122725451639137,0.560700161997217,0.23321774434501086,0.7122725451639137,0.560700161997217,0.23321774434501086,0.9932746583302564,0.8189861667807081,0.11227944990346994,0.9932746583302564,0.8189861667807081,0.11227944990346994
11,10,-7.055245592074823,0.0666766568979144,-10.357814786773677,0.095610652973043,-7.055245592074823,0.0666766568979144,-10.357814786773677,0.095610652973043,0.7089474204465982,0.5301048521043921,0.06801175230022705,0.7089474204465982,0.5301048521043921,0.06801175230022705,1.0572681290467105,0.8825577251843917,0.06320354992757382,1.0572681290467105,0.8825577251843917,0.06320354992757382
12,10,1.9217293070987655,-0.0168548023796104,-4.215398422820616,0.0360832347700592,1.921729307098769,-0.0168548023796104,-4.215398422820616,0.0360832347700592,1.0768294812139347,0.8507279545045705,0.002017114251444685,1.0768294812139347,0.8507279545045712,0.002017114251444907,0.6206037118175759,0.4864607421763867,0.027132501384677488,0.6206037118175759,0.4864607421763867,0.027132501384677488
13,10,23.56809886176357,-0.1869639154018803,20.512937152125847,-0.167808894941075,23.56809886176357,-0.1869639154018803,20.51293715212585,-0.167808894941075,1.06889719580276,0.8685398610105042,0.20153613617672006,1.06889719580276,0.8685398610105042,0.20153613617672006,0.6721463038407797,0.47198343926798714,0.33959775724670715,0.6721463038407797,0.4719834392679864,0.33959775724670715
14,10,-2.187599927755279,0.0142353416372079,-10.595312516478018,0.0775429452005938,-2.1875999277552824,0.0142353416372079,-10.595312516478018,0.0775429452005938,0.8341040555754493,0.7339194419769935,0.002397214658287572,0.8341040555754494,0.7339194419769935,0.00239721465828735,0.8397293877033369,0.7631525521175704,0.06572556009813779,0.8397293877033369,0.7631525521175704,0.06572556009813779
15,10,-47.02546797096538,0.3149990476579776,-21.80113631736652,0.1452036952157529,-47.02546797096539,0.3149990476579776,-21.80113631736652,0.1452036952157529,2.347610772307595,1.8869054679835144,0.12932340038225498,2.347610772307595,1.886905467983516,0.12932340038225498,1.2022646961517893,1.0752044797484224,0.10741361985268094,1.2022646961517893,1.0752044797484224,0.10741361985268094
16,10,15.991617140770312,-0.1012650387753249,-3.562196940625304,0.024850461340334,15.991617140770318,-0.101265038775325,-3.5621969406253013,0.024850461340334,0.8351576876420835,0.6525721837507384,0.1081725093171928,0.8351576876420842,0.6525721837507349,0.10817250931719158,0.633799822325768,0.545334858283482,0.012524060481220012,0.633799822325768,0.5453348582834826,0.012524060481220012
17,10,6.3460134102036365,-0.0359497477437759,6.098584154360449,-0.035542621456047,6.346013410203632,-0.0359497477437759,6.098584154360449,-0.035542621456047,0.8500820733069598,0.7704061471421482,0.014539951235967075,0.8500820733069598,0.7704061471421483,0.014539951235967075,0.6565508433522853,0.5618492636937449,0.02360699952128642,0.6565508433522853,0.5618492636937449,0.02360699952128642
18,10,-12.71074355615324,0.0706105887746362,-15.181637003915016,0.0839317580204172,-12.710743556153242,0.0706105887746362,-15.181637003915023,0.0839317580204173,0.9589531560227902,0.7332486931267657,0.04281488340134498,0.9589531560227902,0.7332486931267657,0.04281488340134498,0.8522677709646949,0.7061197400968102,0.07408425631601667,0.8522677709646945,0.706119740096812,0.07408425631601723
19,10,0.0482461727664231,0.0005523217332122,16.52295625132818,-0.0862085691200778,0.0482461727664193,0.0005523217332122,16.522956251328182,-0.0862085691200778,0.6456687476547054,0.5520266818534186,6.036928891117732e-06,0.6456687476547054,0.5520266818534185,6.036928891117732e-06,0.7871044269811905,0.6991160196265159,0.0900545140278155,0.7871044269811905,0.6991160196265167,0.0900545140278155
20,10,8.129635652629199,-0.0410693450802745,-0.5674138030543815,0.0026300195107806,8.129635652629199,-0.0410693450802745,-0.567413803054379,0.0026300195107806,0.8348815283921273,0.6353423435833346,0.019572896825240882,0.8348815283921273,0.6353423435833346,0.019572896825240882,1.0403329804415122,0.8453763213033143,5.272350303664464e-05,1.0403329804415122,0.8453763213033151,5.272350303664464e-05
21,10,30.16162618152292,-0.1447185431599921,14.437459756356958,-0.0687766834864948,30.161626181522923,-0.1447185431599922,14.43745975635696,-0.0687766834864948,0.44159407121785743,0.35327601207228065,0.46978999475891126,0.44159407121785743,0.35327601207228065,0.46978999475891114,0.6937904365159743,0.5887123098023592,0.07499365196480134,0.6937904365159743,0.5887123098023596,0.07499365196480146
22,10,13.940752587528015,-0.0665768103044584,-38.49299053868004,0.1776930604629267,13.940752587528014,-0.0665768103044584,-38.49299053868005,0.1776930604629268,0.8012798580377384,0.6951569177325715,0.05388588113328607,0.8012798580377384,0.6951569177325715,0.05388588113328607,0.5470765045479368,0.4677589030185854,0.46534347458109937,0.5470765045479342,0.4677589030185847,0.46534347458110414
23,10,-16.911920391138036,0.0749500350572093,-59.69847901185668,0.2656447687373153,-16.911920391138032,0.0749500350572093,-59.69847901185671,0.2656447687373154,0.948925180448711,0.7691196100784152,0.048948321441303566,0.948925180448711,0.7691196100784146,0.048948321441303566,0.9537188933737566,0.7819917520434729,0.39026348376287945,0.9537188933737563,0.7819917520434744,0.39026348376288
24,10,-7.975866242639062,0.0339940046084032,2.9678606503594205,-0.0135903743479823,-7.975866242639065,0.0339940046084032,2.9678606503594227,-0.0135903743479823,0.9329688430072156,0.7281876465917289,0.010834115346393225,0.9329688430072155,0.7281876465917289,0.010834115346393336,1.2406332082461489,0.9020535930469192,0.0009890090151579711,1.2406332082461489,0.9020535930469192,0.0009890090151580821
25,10,-24.407247815714,0.0990613118217493,-0.4267058069676734,0.0015506186073259,-24.407247815713998,0.0990613118217493,-0.4267058069676737,0.0015506186073259,0.9702280338482191,0.7860299655184674,0.07919237489436459,0.970228033848219,0.7860299655184674,0.0791923748943647,1.1663309580744579,1.0004880948149437,1.4581895829479663e-05,1.1663309580744579,1.0004880948149437,1.4581895829479663e-05
26,10,-12.63286053679452,0.0489994869093999,-1.8668926618221104,0.0068094645811485,-12.632860536794524,0.0489994869093999,-1.866892661822112,0.0068094645811485,0.9152123824938709,0.795038319343527,0.02310162999043741,0.9152123824938709,0.795038319343527,0.02310162999043741,0.9257800288924425,0.7820185522340315,0.0004461392823181809,0.9257800288924426,0.7820185522340313,0.00044613928231795885
27,10,43.5511917741099,-0.1641350934726206,16.69671565865695,-0.0640730204702831,43.55119177410991,-0.1641350934726206,16.696715658656956,-0.0640730204702831,0.7309572279670512,0.6357108043742213,0.2937755564063055,0.7309572279670513,0.6357108043742199,0.29377555640630537,0.705357361941914,0.5143796668664212,0.06373592543167328,0.7053573619419139,0.5143796668664227,0.0637359254316735
28,10,-20.1135898484676,0.0728347789731486,-7.532893182778498,0.0281506302271934,-20.113589848467598,0.0728347789731486,-7.532893182778496,0.0281506302271934,0.5150172858638392,0.45749020858076683,0.1416320226923038,0.5150172858638392,0.45749020858076755,0.1416320226923038,1.1282568283960306,0.9324342946196784,0.005109630301077361,1.1282568283960304,0.9324342946196789,0.005109630301077472
29,10,-24.443117317608323,0.0853507240476309,-56.02878288755484,0.1968306488588948,-24.443117317608323,0.0853507240476309,-56.02878288755483,0.1968306488588947,0.8684530639684047,0.763562267165246,0.07380378992424452,0.8684530639684047,0.763562267165246,0.07380378992424452,0.8348023655779585,0.6829416219759272,0.3144299424116078,0.8348023655779594,0.6829416219759279,0.3144299424116064
30,10,1.223045311347184,-0.0040982209280062,-0.0691810334856277,0.0012147816943424,1.2230453113471795,-0.0040982209280062,-0.0691810334856209,0.0012147816943424,1.0778966428813843,0.819761523535312,0.00011924458132739346,1.0778966428813843,0.8197615235353111,0.00011924458132728244,1.2621929656314421,1.1028300966646156,7.641798756896634e-06,1.2621929656314423,1.1028300966646145,7.64179875667459e-06
31,10,-44.0649632010065,0.1454630361542256,-42.09411742519007,0.138732200572333,-44.0649632010065,0.1454630361542256,-42.09411742519008,0.1387322005723331,0.5172375956232524,0.4201953825694084,0.39485548622105493,0.5172375956232524,0.4201953825694084,0.39485548622105493,0.7247199189861095,0.6152206266652543,0.2321400685533862,0.7247199189861094,0.6152206266652543,0.23214006855338642
32,10,-2.696433632455802,0.0082252987065764,-15.05348063527834,0.0474318483148289,-2.6964336324557947,0.0082252987065763,-15.05348063527834,0.0474318483148289,0.6790749708959701,0.5764105245232487,0.0012089170833081697,0.6790749708959701,0.5764105245232439,0.0012089170833081697,0.796474127790409,0.6404130552557918,0.028426688850227477,0.796474127790409,0.6404130552557918,0.028426688850227477
33,10,32.02122802974301,-0.0988294468730956,3.490829981362407,-0.0112263141005534,32.02122802974302,-0.0988294468730957,3.490829981362411,-0.0112263141005535,0.675482878155229,0.5118135480485787,0.1500956305426021,0.6754828781552286,0.5118135480485748,0.1500956305426031,0.5132357726317115,0.435807838500969,0.003931729170485454,0.5132357726317116,0.435807838500969,0.003931729170485121
34,10,11.749201927945824,-0.0349769822882488,29.773188483179,-0.0875606657887632,11.749201927945816,-0.0349769822882488,29.773188483179,-0.0875606657887632,0.800893806714852,0.6009914966627272,0.015491315663518246,0.800893806714852,0.6009914966627272,0.015491315663518135,0.8379454840040053,0.717860501202739,0.08263825797646496,0.8379454840040053,0.717860501202739,0.08263825797646496
35,10,33.83466219732639,-0.0981137254428685,-25.84032300193123,0.0739616448574214,33.8346621973264,-0.0981137254428685,-25.84032300193123,0.0739616448574214,1.0118980087256002,0.7417028050221196,0.07197776863748384,1.0118980087256004,0.7417028050221253,0.07197776863748373,1.1381427566431472,0.9412450630399318,0.03366669921851817,1.1381427566431472,0.9412450630399318,0.03366669921851817
36,10,-14.943256187313535,0.0402897719952283,1.3805546681700738,-0.0058855093623703,-14.94325618731354,0.0402897719952283,1.3805546681700782,-0.0058855093623704,0.5187788743546845,0.43653655217163917,0.047401168462140375,0.5187788743546845,0.4365365521716381,0.0474011684621406,0.6650839999745707,0.5974715216889074,0.0006456372379817221,0.6650839999745708,0.5974715216889074,0.0006456372379815001
37,10,27.428802618346975,-0.0758587469947602,42.091872416224206,-0.1153436746240728,27.42880261834697,-0.0758587469947602,42.09187241622421,-0.1153436746240728,0.998374558367241,0.7955964694202166,0.045464293481506934,0.998374558367241,0.7955964694202173,0.045464293481506934,0.69892187167127,0.5755392117341674,0.1834670117138696,0.69892187167127,0.5755392117341703,0.1834670117138696
38,10,41.94212304812816,-0.1112957973525205,-30.59851336122167,0.08090295929019,41.94212304812815,-0.1112957973525205,-30.59851336122167,0.08090295929019,1.1648315428973963,0.9590114918452161,0.07004050472277068,1.1648315428973963,0.9590114918452132,0.07004050472277068,1.0047122993028783,0.7955528316465085,0.050777060011100716,1.0047122993028783,0.7955528316465085,0.050777060011100716
39,10,37.97770568313543,-0.1008631171071739,8.591265860202714,-0.0237938970577385,37.97770568313543,-0.1008631171071739,8.591265860202718,-0.0237938970577385,0.6425022333528314,0.5381129823326978,0.16896241308990356,0.6425022333528314,0.5381129823326978,0.16896241308990356,0.581767305548373,0.476796797600836,0.01361238098902906,0.581767305548373,0.47679679760083526,0.01361238098902906
40,10,30.046015013087448,-0.075876155130991,32.939114469520646,-0.0845379226796345,30.04601501308746,-0.075876155130991,32.939114469520646,-0.0845379226796345,0.8651484566065303,0.563846484780664,0.05967097667217047,0.8651484566065303,0.5638464847806661,0.05967097667217047,0.6193596571149617,0.5475047783312404,0.13322284971688425,0.6193596571149617,0.5475047783312404,0.13322284971688425
41,10,-57.75371689924727,0.1427173636905172,-88.12768718154501,0.2171726912531228,-57.75371689924729,0.1427173636905173,-88.12768718154503,0.2171726912531228,0.7374739021297614,0.6250681330543021,0.23603970105095617,0.7374739021297593,0.6250681330543006,0.2360397010509605,0.7274565157554919,0.6210351002781181,0.4237227452504505,0.7274565157554919,0.6210351002781154,0.4237227452504505
42,10,-96.24368317926022,0.2310618980787275,-43.86614694752984,0.1050839099567704,-96.24368317926024,0.2310618980787276,-43.86614694752984,0.1050839099567704,0.8483438004982223,0.7156111354093738,0.37966096696259166,0.8483438004982233,0.7156111354093753,0.3796609669625901,0.8708314187746222,0.6472705659180521,0.10724796613054788,0.8708314187746222,0.6472705659180521,0.10724796613054788
43,10,67.92204372314215,-0.1598926750553584,59.227491758593295,-0.1390793172093927,67.92204372314214,-0.1598926750553584,59.22749175859331,-0.1390793172093927,1.4002627450124054,1.1954901651607888,0.09712270079385732,1.4002627450124057,1.1954901651607888,0.0971227007938571,1.0627153759913468,0.9089886518121993,0.12380692478356281,1.062715375991347,0.9089886518121993,0.12380692478356248
44,10,16.187450689837693,-0.0367107451316028,43.75280541748215,-0.1007305992676977,16.187450689837693,-0.0367107451316028,43.75280541748215,-0.1007305992676977,1.371738371457539,1.064938810990335,0.0058740707718383245,1.371738371457539,1.064938810990335,0.0058740707718383245,1.4805562083481179,1.3179125923813018,0.03678332438016352,1.4805562083481179,1.3179125923813018,0.03678332438016352
45,10,-35.44924033412399,0.0795865209533103,-46.61250128445826,0.1048612378396592,-35.44924033412399,0.0795865209533103,-46.61250128445827,0.1048612378396592,0.8665814244471852,0.6122487628305582,0.06505774789242735,0.8665814244471852,0.6122487628305582,0.06505774789242735,0.9195214100865131,0.6618675990001828,0.09689441503031382,0.9195214100865131,0.6618675990001828,0.09689441503031382
46,10,5.8277105846528645,-0.0133776092365279,48.607710661708325,-0.1075796212145296,5.827710584652862,-0.0133776092365278,48.60771066170833,-0.1075796212145296,0.7557175769824698,0.647901717975162,0.002578520746073676,0.7557175769824698,0.6479017179751535,0.002578520746073454,0.5503226824519127,0.45815298515179687,0.23969836341288098,0.5503226824519126,0.4581529851517983,0.2396983634128811
47,10,26.961860829695095,-0.0582765483859249,39.202156745037925,-0.0854327566876968,26.961860829695105,-0.0582765483859249,39.20215674503795,-0.0854327566876969,0.7973986114811157,0.6173696892879665,0.04220493504028522,0.7973986114811158,0.6173696892879709,0.04220493504028511,0.7994989794603267,0.6270670448019892,0.08609320356410233,0.7994989794603281,0.6270670448019906,0.08609320356409922
48,10,-18.559132115772897,0.0399356132140734,-40.6861593088814,0.0856426065543625,-18.559132115772893,0.0399356132140734,-40.68615930888141,0.0856426065543625,0.7440872803270082,0.6187705593688132,0.02321276515125137,0.7440872803270082,0.6187705593688132,0.02321276515125137,0.6002318749927632,0.4898290027565708,0.14380338216777777,0.6002318749927632,0.48982900275657226,0.14380338216777788
49,10,45.709817062206696,-0.0949240735463366,87.88042611512093,-0.1816057870577451,45.70981706220669,-0.0949240735463366,87.88042611512093,-0.1816057870577451,0.8172875662165325,0.7283184639712011,0.10014503369820227,0.8172875662165325,0.7283184639712011,0.10014503369820227,0.8896945207071214,0.7210911467389906,0.2558090339889333,0.8896945207071214,0.7210911467389906,0.2558090339889333
50,10,77.4115012149354,-0.1564176699105344,81.22617450203443,-0.1640458777609971,77.4115012149354,-0.1564176699105344,81.22617450203443,-0.1640458777609971,0.5459479359618705,0.4617215952983765,0.40377160329335193,0.5459479359618705,0.4617215952983765,0.40377160329335193,0.6272512643939839,0.4649304121833122,0.36073189208199274,0.6272512643939839,0.4649304121833122,0.36073189208199274
51,10,22.320458014973173,-0.0434721778337749,-2.5005774918171104,0.0059968424081791,22.32045801497318,-0.0434721778337749,-2.50057749181711,0.0059968424081791,0.8003703089682348,0.7007555399729292,0.02376026528794628,0.8003703089682348,0.7007555399729306,0.02376026528794628,0.9675738032220988,0.8450604492609205,0.0003168060079079549,0.9675738032220988,0.8450604492609205,0.0003168060079079549
52,10,3.7568360298880727,-0.0068132900208955,-25.70800768695353,0.0508482911522737,3.756836029888087,-0.0068132900208956,-25.70800768695353,0.0508482911522737,1.0786848379623808,0.9126276326461138,0.0003290301021439124,1.0786848379623808,0.9126276326461289,0.0003290301021440234,0.9028876212855856,0.8114973916629656,0.02549890934569865,0.9028876212855856,0.8114973916629656,0.02549890934569865
53,10,41.46492912829602,-0.0784958294362676,-53.22090544072913,0.1017523422226033,41.46492912829605,-0.0784958294362677,-53.2209054407291,0.1017523422226032,0.978131238924013,0.9070647411535374,0.050451050454240365,0.9781312389240141,0.9070647411535324,0.050451050454238144,0.7829357140934273,0.6641392679435804,0.12230252397195596,0.7829357140934264,0.6641392679435796,0.12230252397195762
54,10,0.4945878667203491,-0.0016506470179114,-37.47496298750394,0.0693489246165731,0.4945878667203321,-0.0016506470179114,-37.474962987503936,0.0693489246165731,0.8414378866996141,0.6595045315967969,3.174712913445177e-05,0.8414378866996142,0.6595045315968003,3.1747129134340746e-05,1.135704606391268,0.8754908985142004,0.029843145232434587,1.135704606391268,0.8754908985142018,0.029843145232434254
55,10,0.0327050216370559,-0.0007738514921655,3.4771422952923,-0.0062871145383297,0.0327050216370544,-0.0007738514921655,3.477142295292304,-0.0062871145383297,0.7450855944104494,0.6179251579707564,8.899241630166976e-06,0.7450855944104494,0.6179251579707566,8.899241630166976e-06,1.2165351630627526,0.9412389073956395,0.00022029856868654996,1.2165351630627523,0.9412389073956386,0.00022029856868666098
56,10,35.89720793156233,-0.0645821061476338,95.3336992111835,-0.1712277720779463,35.89720793156233,-0.0645821061476338,95.3336992111835,-0.1712277720779463,0.6975704299574554,0.5193543889982214,0.06604332954202441,0.6975704299574554,0.5193543889982214,0.06604332954202441,0.4607908649165983,0.37068858626455664,0.5325324678994882,0.4607908649165983,0.37068858626455664,0.5325324678994882
57,10,-12.86565041788082,0.0238021152190978,-51.92807212298837,0.0924913633794746,-12.865650417880811,0.0238021152190978,-51.92807212298836,0.0924913633794746,1.3881331580054428,1.290179654092403,0.0024197507909382576,1.3881331580054428,1.290179654092403,0.0024197507909382576,1.0272605785675735,0.7857938734720951,0.06268730044277304,1.0272605785675735,0.7857938734720965,0.06268730044277304
58,10,-12.53886259123757,0.0226739279304045,-1.6001780425886871,0.0037136021068148,-12.538862591237564,0.0226739279304045,-1.600178042588693,0.0037136021068148,1.1148001341134195,0.9852614645356297,0.0034012127786113844,1.1148001341134195,0.9852614645356297,0.0034012127786113844,1.0570380956748517,0.8588721026318951,0.00010181674003628682,1.0570380956748517,0.8588721026318952,0.00010181674003628682
59,10,58.86208285700732,-0.1000180774598152,-11.90432407372405,0.0201208766505243,58.86208285700734,-0.1000180774598153,-11.90432407372406,0.0201208766505243,0.6454144855531638,0.5376533474340575,0.1653607204854135,0.6454144855531638,0.5376533474340575,0.1653607204854134,0.9707456142246138,0.8231924771169721,0.0035318341418978383,0.9707456142246137,0.82319247711697,0.0035318341418979493
60,10,38.66736059505,-0.0646926869449604,95.16297278427766,-0.159590392776434,38.66736059505001,-0.0646926869449604,95.16297278427766,-0.159590392776434,0.6485803027389101,0.5467100397563645,0.07585382537038832,0.6485803027389101,0.5467100397563645,0.07585382537038832,1.140454031016156,0.9256803103736833,0.13908275198024378,1.140454031016156,0.9256803103736833,0.13908275198024378
61,10,-21.93689817791915,0.0363861805050855,41.71295600756142,-0.0679233350020778,-21.93689817791914,0.0363861805050855,41.71295600756141,-0.0679233350020778,0.7357775383530718,0.597902246807507,0.019776924633183923,0.7357775383530718,0.5979022468075113,0.019776924633183812,0.9877662743873218,0.9072800941709334,0.03754598915652718,0.9877662743873217,0.9072800941709334,0.037545989156527515
62,10,-4.248162952545305,0.0063802962848329,-40.36951045985402,0.0659312224509595,-4.2481629525453055,0.0063802962848329,-40.36951045985403,0.0659312224509596,0.9852315588071403,0.7906943741815305,0.00034586672269265595,0.9852315588071402,0.7906943741815309,0.00034586672269276697,1.3108639783952414,1.0713573912659071,0.020443278030190082,1.31086397839524,1.071357391265917,0.02044327803019208
63,10,-3.0333506330680757,0.0045882468108688,25.218738375007295,-0.0406753116697299,-3.033350633068065,0.0045882468108688,25.218738375007312,-0.0406753116697299,0.7988809578002602,0.7255907940928534,0.00027206030601512055,0.7988809578002602,0.7255907940928534,0.00027206030601512055,0.7849398468926138,0.6415595367747291,0.021673389757506545,0.7849398468926138,0.6415595367747255,0.021673389757506656
64,10,-24.9214544834258,0.0394374555673918,-7.202772378429432,0.0109784855475355,-24.921454483425794,0.0394374555673918,-7.202772378429435,0.0109784855475355,0.9777927623139236,0.856123541962568,0.013243057876443975,0.9777927623139236,0.8561235419625651,0.013243057876443975,0.5474376400183232,0.4501656884083377,0.003306975115858757,0.5474376400183232,0.45016568840833715,0.003306975115858979
65,10,-48.708917530811775,0.0759661396628562,48.745394384210485,-0.0751483176239779,-48.708917530811775,0.0759661396628562,48.74539438421049,-0.075148317623978,0.9470801826014199,0.7442345548086964,0.05040338713132686,0.9470801826014199,0.7442345548086964,0.05040338713132686,0.7198132260713317,0.5965983613814239,0.08250086327400097,0.7198132260713309,0.5965983613814337,0.08250086327400274
66,10,74.86601442733556,-0.1147771279761064,56.397690932799385,-0.0862312972820516,74.86601442733557,-0.1147771279761064,56.39769093279939,-0.0862312972820517,0.6652340589237836,0.5270395788074597,0.19716943832359368,0.6652340589237836,0.5270395788074568,0.19716943832359357,0.6838028411683192,0.44342933475673146,0.11598022955809395,0.6838028411683192,0.44342933475670876,0.11598022955809406
67,10,44.965820225778366,-0.0673629279073003,49.64088091105445,-0.0745909654886604,44.965820225778366,-0.0673629279073003,49.64088091105447,-0.0745909654886604,0.5766446090609013,0.46587028698684285,0.10119202858676934,0.5766446090609013,0.46587028698684285,0.10119202858676934,0.6867874640056558,0.5214985634423712,0.08868500658780809,0.6867874640056559,0.5214985634423741,0.08868500658780787
68,10,-69.07017837115845,0.1027781195432605,-16.91137561102897,0.0256881013628567,-69.07017837115842,0.1027781195432605,-16.911375611028937,0.0256881013628567,0.689568407594474,0.542950761853874,0.1548871161586466,0.689568407594474,0.542950761853874,0.1548871161586466,0.7565355078634337,0.5669716177756544,0.009422105450201168,0.7565355078634337,0.5669716177756544,0.009422105450201501
69,10,-83.39300572362515,0.1217124417831207,-54.29673484129331,0.0795283393263142,-83.3930057236252,0.1217124417831207,-54.2967348412933,0.0795283393263142,1.0552340325227818,0.9518974907573712,0.0989006194459755,1.0552340325227818,0.9518974907573712,0.09890061944597528,0.9359460858702465,0.7761553263522131,0.05621707277923205,0.9359460858702465,0.7761553263522116,0.05621707277923205
70,10,-6.92223824606817,0.0104054650669178,69.98236012046924,-0.1010970035098682,-6.922238246068183,0.0104054650669178,69.98236012046924,-0.1010970035098682,0.7287994189328368,0.5672471401862589,0.001678924411787519,0.728799418932837,0.5672471401862589,0.001678924411787408,0.6623736540059972,0.5099617411938404,0.1612055418797652,0.6623736540059972,0.5099617411938404,0.1612055418797652
71,10,-96.03546757082091,0.1362992013871182,13.385792368332863,-0.0194523903106878,-96.03546757082091,0.1362992013871182,13.385792368332874,-0.0194523903106878,1.253944589586669,1.0990493974647226,0.08881576785587286,1.253944589586669,1.0990493974647226,0.08881576785587286,1.0079735197581088,0.9001812865907528,0.0030631572953153663,1.0079735197581088,0.9001812865907528,0.0030631572953153663
72,10,-93.87634665002292,0.1311082387564815,23.86267924530265,-0.0334035772427515,-93.87634665002292,0.1311082387564815,23.862679245302672,-0.0334035772427515,1.1322522587425925,0.9671536999362065,0.09960075818084235,1.1322522587425925,0.9671536999362065,0.09960075818084235,0.9810465515554746,0.7915980880795276,0.00947385250378352,0.9810465515554746,0.7915980880795361,0.00947385250378352
73,10,-59.16135713447223,0.0816235435918196,61.51828622132213,-0.0848359917985429,-59.16135713447223,0.0816235435918196,61.518286221322136,-0.0848359917985429,0.9712308998810999,0.7370561423653631,0.055060944406412515,0.9712308998810999,0.7370561423653631,0.055060944406412515,0.9837538313450448,0.8631988312532768,0.057807100298923775,0.9837538313450448,0.8631988312532781,0.057807100298923775
74,10,-4.298782812899729,0.0064126550846003,-2.676920799528481,0.0040490353117252,-4.298782812899721,0.0064126550846003,-2.676920799528475,0.0040490353117252,0.7467252882177319,0.5422124780221446,0.0006080563622098412,0.7467252882177319,0.5422124780221478,0.0006080563622098412,1.0206352886957,0.8305350231451112,0.00012982535859085154,1.0206352886956997,0.8305350231451099,0.00012982535859096256
75,10,58.63674180390886,-0.0782113084784805,-66.1601216779415,0.088902958979312,58.63674180390886,-0.0782113084784805,-66.16012167794155,0.0889029589793121,0.6814426501452081,0.5839437834815814,0.09802338719990278,0.6814426501452081,0.5839437834815814,0.09802338719990278,0.8109076013193943,0.6184837050234961,0.09021569098755733,0.8109076013193948,0.6184837050235089,0.09021569098755622
76,10,-212.1367669071779,0.2811112138703054,-86.14697548500124,0.1140232057714533,-212.13676690717796,0.2811112138703054,-86.14697548500124,0.1140232057714533,1.0076113013951369,0.8670806133275691,0.3910355105013772,1.0076113013951367,0.8670806133275691,0.3910355105013773,0.7268749519417796,0.6304246607451226,0.16875287876803036,0.7268749519417796,0.6304246607451226,0.16875287876803036
77,10,59.30446828750639,-0.0770471867494726,3.474256861131891,-0.0043844203126862,59.30446828750639,-0.0770471867494726,3.474256861131881,-0.0043844203126862,0.809570242686495,0.7062450355237184,0.06952830076893057,0.809570242686495,0.7062450355237184,0.06952830076893057,0.7301125367760083,0.6479177075492484,0.0002974195501211918,0.7301125367760083,0.6479177075492504,0.0002974195501211918
78,10,-66.0388072974303,0.0850852115092405,-50.26783014341631,0.0645021380501585,-66.0388072974303,0.0850852115092405,-50.26783014341628,0.0645021380501585,0.7400703773153693,0.6415625570465907,0.09832543794852333,0.7400703773153693,0.6415625570465907,0.09832543794852333,0.6121959248119857,0.4878068422738056,0.08390039343639444,0.6121959248119857,0.48780684227381127,0.08390039343639444
79,10,-91.90675745793128,0.1170524871811148,-78.43690927521118,0.0996918583952609,-91.90675745793128,0.1170524871811148,-78.4369092752112,0.0996918583952609,0.5698852792796144,0.4715248932473214,0.25818719047050187,0.5698852792796144,0.4715248932473214,0.25818719047050187,1.0181733360624816,0.8666595506230099,0.07329453868863667,1.0181733360624814,0.8666595506230156,0.07329453868863678
80,10,5.345157466316614,-0.0065353122908541,19.90486427933071,-0.025020368209724,5.345157466316662,-0.0065353122908541,19.904864279330717,-0.025020368209724,0.8278354578389584,0.6919735001974505,0.0005138961346519144,0.8278354578389584,0.691973500197441,0.0005138961346519144,0.7613254908299248,0.5045058061437748,0.008831774478136878,0.7613254908299251,0.5045058061437748,0.008831774478136656
81,10,-9.684301611443376,0.0119716378930229,-91.23410777888836,0.1132685126942467,-9.684301611443368,0.0119716378930229,-91.23410777888836,0.1132685126942467,1.0253403808365456,0.80285796873201,0.0011234061749821889,1.0253403808365456,0.80285796873201,0.0011234061749821889,0.9530136674561605,0.875310286752826,0.10437581914257499,0.9530136674561605,0.875310286752826,0.10437581914257499
82,10,160.6023459991412,-0.1966260540688149,144.55499118890708,-0.1772419076528448,160.60234599914122,-0.1966260540688149,144.5549911889072,-0.1772419076528449,0.7669220142593878,0.6051241841618502,0.35161459730464795,0.7669220142593879,0.6051241841618615,0.35161459730464784,0.7221660360756331,0.6387779122289264,0.3319749985757524,0.7221660360756313,0.638777912228935,0.3319749985757555
83,10,108.95728749254856,-0.1319048542209831,-6.328742086083386,0.0079760724539157,108.95728749254856,-0.1319048542209831,-6.328742086083381,0.0079760724539157,1.2489849672013422,1.0682356623045532,0.08426209875706103,1.2489849672013422,1.0682356623045532,0.08426209875706103,1.3539597933105427,1.0001219327976176,0.0002862175587128313,1.3539597933105427,1.0001219327976174,0.0002862175587128313
84,10,9.502496931363655,-0.0116084801787212,-29.98823824883584,0.0360598679057606,9.502496931363648,-0.0116084801787212,-29.98823824883584,0.0360598679057606,0.5154254243247359,0.3682185754092472,0.004167344143322538,0.5154254243247359,0.3682185754092458,0.004167344143322316,0.39942746221729647,0.30221235437715566,0.06300345403780339,0.39942746221729647,0.30221235437715566,0.06300345403780339
85,10,-139.76662383955554,0.1650313671401841,-54.30305957298837,0.0642027131951835,-139.7666238395556,0.1650313671401841,-54.30305957298838,0.0642027131951836,0.7516888666369221,0.5466758833683794,0.284517846599721,0.751688866636922,0.5466758833683794,0.2845178465997211,0.8899872480650601,0.6776297914264008,0.041165809114595775,0.8899872480650619,0.6776297914264164,0.04116580911459211
86,8,153.28531065146188,-0.1792093842213461,150.9088960316446,-0.1764311899662554,153.28531065146197,-0.1792093842213462,150.90889603164467,-0.1764311899662554,0.5079392085651051,0.4485987062683747,0.39522871205152676,0.5079392085651061,0.4485987062683783,0.3952287120515243,0.5451699551710821,0.40428409267362087,0.35477730898775484,0.5451699551710821,0.40428409267362087,0.35477730898775484
